Aspect,Slope,LULC,NDVI,Rainfall,TWI
152.73079,55.198463,30,0.662063,4.696327,13.656511977832
315.88605,38.27856,10,0.64531434,4.586505,14.396695358888715
138.70737,61.363068,60,0.43183094,4.696327,13.776602978642284
155.45984,45.407505,10,0.70581937,4.4527707,14.40572178276577
169.32094,30.66924,10,0.6223297,4.696327,14.71317989545308
24.023,30.32146,10,0.30490994,4.696327,14.36327531228753
224.31703,44.87066,30,0.26266852,4.9416623,14.293348512791944
141.0195,23.619984,30,0.41203704,4.835017,15.701460029340591
36.207474,34.29834,10,0.8132523,4.696327,14.807072980342427
1.296304,38.993484,10,0.71778685,4.696327,14.42891158023864
204.8379,38.127014,60,0.49759257,4.77441,14.605301390342758
180.0,51.260864,30,0.6150126,4.772528,14.409385566456674
124.50311,38.665775,30,0.3519225,4.4041653,14.738958550873862
240.85355,21.744164,10,0.8467618,4.772528,15.36625579238838
128.80652,46.64269,30,0.3540321,4.835017,14.898659052673848
278.78183,36.58301,10,0.097814776,4.772528,14.932017871047655
133.63576,62.814762,30,0.38868323,4.383127,14.001926026073791
333.37643,47.844563,10,0.7416717,4.758372,14.825803092513476
124.60347,48.02769,30,0.83489096,4.383127,14.630927400892922
113.85827,40.045513,10,0.5462857,4.383127,14.522993134493309
227.08043,44.26407,30,0.4045847,4.383127,14.629368609289449
139.20049,49.62716,30,0.36764705,5.2163897,13.844866607213996
144.3475,46.0111,30,0.5238923,5.2163897,13.66580463548293
177.91158,26.663717,30,0.26658696,5.2163897,14.923754110794878
181.2698,39.549183,10,0.33682588,5.2163897,14.483614829536911
157.65363,37.599663,10,0.5569834,5.2163897,14.860761559318876
177.46161,39.56989,30,0.31655315,5.2163897,14.527457829717052
174.46548,29.649637,30,0.38674992,5.2163897,14.443335425982449
162.9772,39.097828,10,0.3125386,5.2163897,14.733217338748265
256.52893,42.09333,10,0.68897957,4.9416623,14.52745590334147
-0.0,45.56248,10,0.5804878,4.9416623,14.40447530470612
339.6214,50.40018,10,0.579288,4.9416623,14.204625960830525
336.404,57.24698,10,0.48158255,4.9416623,14.088468383916592
0.8752873,50.14824,10,0.4949644,4.9416623,14.236726072970807
3.6963944,29.585878,10,0.6956688,4.9416623,14.956436829959058
290.7617,39.419807,10,0.7042017,5.2163897,14.849192164943666
250.1058,40.572895,10,0.5022915,5.2163897,14.60390996100854
128.46031,48.871387,30,0.3112155,5.2163897,14.40696665666134
140.69554,50.506207,30,0.66180134,5.2163897,14.282241673028672
145.0153,39.687,10,0.58882684,5.2163897,14.60786196302852
199.83904,38.966953,10,0.61162645,5.2163897,14.678652073679896
153.68016,30.024471,30,0.39957264,4.9416623,15.124146268922068
160.39682,51.438686,30,0.242223,5.2163897,14.34266380232403
115.8732,32.236492,30,0.38034606,4.383127,15.346314701365603
167.57895,51.921494,10,0.43649948,4.9416623,14.220027697101305
210.63445,38.31456,10,0.6010767,4.9416623,14.860747051855904
132.91621,44.265873,30,0.6213518,4.383127,15.102175687300752
110.22908,49.48912,30,0.48999014,4.383127,14.68165825294056
149.9701,41.30869,30,0.1212954,4.5461755,14.672465414070532
141.115,58.9909,10,0.670936,5.2217073,14.700309292496964
154.12279,37.07669,60,0.38504907,5.2217073,14.581070826493123
56.695744,40.529102,10,0.8159649,4.496347,14.751115243674397
139.78148,60.389526,10,0.73587126,4.5461755,13.55533567897455
221.16399,43.41394,50,0.25329223,4.625964,14.438012291831436
211.4501,35.072224,30,0.3997492,4.625964,14.85918782434238
229.78957,28.882471,60,0.46953404,4.625964,14.47382379208665
222.15062,33.226265,60,0.14830177,4.548963,14.633031452336906
206.07224,33.695385,60,0.4536817,4.625964,14.73518353581832
156.13759,22.152197,10,0.50554067,4.549546,14.702561471198994
276.8737,22.086023,10,0.4676282,4.607892,15.108600994592177
59.802982,40.98964,10,0.77272725,4.496347,14.153043376308135
78.40663,46.319546,10,0.6429624,4.496347,14.227303792643204
117.852234,59.50204,10,0.60140824,4.804811,13.765828359640093
220.89896,45.18737,60,0.3794991,4.804811,14.392601791906094
143.97551,40.051987,10,0.66550255,4.607892,14.56968934533984
169.83014,53.442406,10,0.5423411,4.496347,14.274720049355242
150.49951,44.043415,10,0.44874564,4.496347,14.657032756608965
207.49782,42.379574,10,0.48710683,4.496347,14.811795946434906
175.37909,34.298035,30,0.37448558,4.496347,14.920235493421464
189.8625,32.651463,10,0.5709545,4.3611135,14.58985148553772
24.61782,33.378128,10,0.6037028,4.549546,14.055150201790727
335.2753,25.695961,30,0.25410733,4.463525,14.497214309943368
355.46735,42.787277,10,0.7489481,4.780184,14.635793007729427
143.26294,41.630196,30,0.34259903,4.106739,15.31597387332308
244.11249,32.223183,10,0.8453691,4.780184,14.743881390699624
11.871889,35.42381,10,0.78927565,4.780184,14.75245841358525
342.68628,26.184528,30,0.6819299,4.136266,15.195537349225935
228.48953,33.403748,30,0.36915886,4.780184,15.171569927685512
324.84006,56.73927,10,0.74913293,4.780184,14.020918354738166
310.87106,47.42614,10,0.76985943,4.780184,14.505322020737248
294.97552,20.97615,10,0.7174178,4.780184,14.84985759263358
225.76746,45.59697,10,0.5786133,4.780184,14.440242000563872
267.54794,48.620514,10,0.70505923,4.780184,14.569866759917844
220.0081,36.490147,30,0.46329114,4.780184,14.922001582086375
242.2768,33.47071,30,0.45232558,4.780184,14.730008835428618
333.93628,33.69346,10,0.66684824,4.607892,14.39241236581892
206.83966,40.453617,30,0.6015276,4.772528,14.443658018918962
351.3099,31.21181,10,0.59922296,4.607892,14.909240132310549
239.46326,45.553787,10,0.7449284,4.674496,14.721058625852912
178.67607,38.428925,10,0.72452444,4.726099,14.653859274869486
169.31349,41.655262,60,0.45351008,4.8086514,14.922236940646174
170.50621,41.54988,30,0.56142586,4.343434,14.85008647144395
149.9007,34.69481,10,0.62139916,4.343434,14.089627280377904
78.769905,47.217735,30,0.40202966,4.343434,14.618068232376013
200.61995,43.04464,10,0.5345364,4.343434,14.47658149618806
186.28462,33.731483,30,0.45217144,4.343434,14.685372680283532
275.3829,40.787045,10,0.65495527,4.343434,14.641499456979872
34.5492,63.032845,10,0.8174827,4.343434,13.559051177168923
333.77628,35.13623,10,0.8757764,4.1832337,14.73435814643782
322.6664,39.157925,10,0.6582998,4.7094727,13.923590381132868
341.6597,63.183746,30,0.7197197,4.586505,14.887092413161827
353.7537,45.274715,30,0.6587473,4.586505,14.775508765486816
356.84412,33.61225,10,0.88235295,4.674496,14.61162553232352
306.16165,27.530474,10,0.84,4.674496,14.561741223247688
23.343103,44.118645,10,0.82044446,4.674496,14.717300596723796
342.51462,45.993385,10,0.26435572,4.674496,14.548020065258797
156.70811,55.96167,10,0.5189068,4.674496,14.129582241343265
321.8207,25.344088,10,0.8143041,4.674496,14.94273490464005
8.990274,39.3331,10,0.87663215,4.674496,14.364426292253668
22.769787,50.863895,10,0.7979452,4.674496,14.411726144408208
77.63669,63.900887,10,0.82122904,4.674496,14.947485806506316
21.890879,38.133884,10,0.85827667,4.674496,14.582215678997132
36.464634,27.624834,10,0.7637199,5.2163897,14.716241443615049
1.6185671,32.933926,10,0.8428638,5.2163897,14.683925003238766
22.970314,22.878057,10,0.7270241,5.2163897,14.028098733662423
16.42872,49.346073,10,0.71161306,5.2163897,14.009129979993542
0.99621356,46.461533,10,0.6825667,5.2163897,13.82121806555183
341.9418,41.5209,10,0.77074546,5.2163897,13.878762736203186
325.50958,45.047066,10,0.70566595,5.2163897,13.757951875632576
312.8578,45.66163,10,0.75972223,5.2163897,13.76492551816114
191.87427,49.185577,30,0.4994614,4.987441,14.254642076349755
171.47755,48.062683,30,0.56497693,4.987441,14.262484628649458
21.747799,30.649303,10,0.33676755,5.2163897,14.94371064179992
25.5573,25.010464,10,0.79735905,5.2163897,14.39491420127025
19.053299,31.655348,10,0.8296296,5.2163897,14.39528056352951
23.801756,35.95696,10,0.70611656,5.2163897,14.255419823191588
181.13527,42.703423,10,0.5799868,4.370652,14.687017460217875
246.12318,34.210606,30,0.16989419,4.370652,14.83472677236529
256.018,31.089102,30,0.43267503,4.370652,15.066837262362451
343.4397,32.690525,10,0.38373643,4.7094727,13.992253302243816
261.1315,32.211266,10,0.6291313,4.586505,14.515459131445748
279.8762,48.556446,30,0.36433837,4.780184,14.604459047890815
251.00247,19.19274,10,0.7933475,4.370652,15.148137486829055
205.83067,14.1325035,30,0.6019271,4.370652,15.69239023685778
241.58572,48.30647,10,0.70286214,4.370652,14.827926204322033
252.59087,42.60727,10,0.7569328,4.370652,14.800501726373264
262.58194,51.42537,10,0.65475637,4.370652,14.440924999593008
190.11111,31.998774,10,0.7441777,4.370652,14.67542252300408
215.62634,39.232502,30,0.25670296,5.2163897,14.284499255544684
189.43552,48.1344,30,0.25147527,5.2163897,14.349965983681484
242.18643,47.083126,30,0.36307564,5.2163897,14.312084894107
1.5411178,53.678497,30,0.8063063,4.780184,14.670211829687112
20.227312,38.43477,10,0.77559054,4.780184,14.839663285115147
3.0322597,46.053574,10,0.82510823,5.2163897,14.57616845194276
357.91223,45.12316,10,0.79620034,5.2163897,14.538689077053258
327.07388,59.774517,10,0.68701553,5.2163897,14.064541377174145
311.50314,27.157692,10,0.4519573,5.2163897,14.805248152901951
24.074816,37.3216,10,0.587793,5.2163897,14.770445827053909
348.91245,58.25942,10,0.8010949,4.780184,14.023181142752538
37.76158,35.6279,10,0.85515547,4.780184,14.99713198856943
322.63257,37.00244,10,0.6754855,5.3619227,13.971711230284962
186.44847,33.089615,30,0.31438348,4.3611135,14.366576465086316
259.96396,39.89602,10,0.7064897,4.263062,14.088466618108235
104.68837,56.869225,10,0.5767801,4.5418735,13.888295132791733
147.27528,44.460304,30,0.46787903,4.3611135,13.79832510966304
106.43282,53.939762,10,0.7463515,4.263062,14.078901549896932
114.53734,31.950829,10,0.7301868,4.4971914,13.980012516693384
132.47052,34.809246,10,0.60411114,4.496347,14.707124554989964
104.57066,17.834545,10,0.819016,4.496347,15.09723980659695
118.91547,26.665186,10,0.7075438,4.496347,15.073819949651304
175.86871,37.336655,10,0.69491524,4.496347,14.998296277575964
186.09354,40.78851,10,0.7178757,4.496347,14.807842053950043
172.14308,33.821613,30,0.5731629,4.496347,14.793873797467311
151.00351,42.20421,10,0.7007313,4.496347,14.592822948755778
164.20448,31.2003,10,0.69736093,4.496347,15.102296987374476
142.97418,38.335915,10,0.48507172,5.103636,14.13768915026156
163.82262,33.31899,30,0.4834244,5.103636,14.206649256085852
154.1322,32.197067,30,0.4798651,5.103636,14.266166376563955
165.74924,39.29636,30,0.5966574,5.103636,14.246583549833474
176.84111,33.612328,30,0.38400432,5.103636,14.410125655907564
171.02898,35.17214,30,0.46890044,5.103636,14.164260737971809
166.73654,38.60063,10,0.5891892,4.607892,14.36042974726038
168.37546,36.023785,30,0.5251054,4.607892,14.505023200231292
181.70549,31.608469,30,0.36541063,4.496347,14.561947230160836
195.00133,32.49057,10,0.55368716,5.2217073,14.701363453385786
201.31314,26.743933,30,0.54208755,4.607892,14.872321680907296
229.73509,29.944399,10,0.5795574,4.607892,14.743648665073486
229.64078,32.002724,30,0.5366902,4.607892,14.807442653297583
225.0254,30.773,30,0.56526446,4.607892,14.865825448606708
157.43086,40.66206,30,0.4683672,4.607892,14.337990825969433
200.66362,29.723125,30,0.6065999,4.607892,14.775547902552416
181.11755,43.200207,10,0.3503673,4.607892,14.781434083579049
146.35405,33.470295,10,0.8321385,4.607892,14.43086942681408
152.09354,40.726532,10,0.7020535,4.496347,14.503579428219876
73.58483,15.982375,10,0.79868853,4.496347,14.701442457577834
161.07458,48.478725,30,0.59179103,4.496347,14.0976703656581
167.5923,30.82438,30,0.49340084,4.496347,14.536750822293772
168.48842,39.556847,30,0.49550542,4.496347,14.331534554242886
148.5503,35.072113,60,0.37927106,4.496347,14.619784362277732
162.26794,38.017544,30,0.56017107,4.496347,14.577528044102465
111.07943,37.421097,30,0.25786376,4.647837,13.854492169131047
196.50652,35.34086,60,0.44099188,4.496347,14.654264770676994
127.62845,42.033817,10,0.71804875,4.647837,13.729272888788756
130.08997,26.690228,10,0.64768755,4.607892,14.942965763627026
173.85153,34.365097,10,0.49479368,4.607892,14.40341713167419
173.21016,31.777388,60,0.15751667,4.607892,14.712444698934846
176.40433,30.281048,60,0.4022637,4.607892,14.33650660245384
163.36455,41.8422,10,0.79318637,4.607892,14.048493717639069
142.9809,40.41519,10,0.37675005,4.607892,13.875591301158853
148.06612,43.06542,30,0.30112866,4.607892,14.177498772577062
151.63765,38.987556,60,0.13637629,4.607892,13.946687407269978
196.17085,33.31812,10,0.56225425,4.647837,14.47611148172076
146.31456,47.451015,60,0.13637629,4.607892,13.946687407269978
175.02742,32.362766,30,0.15493791,4.607892,14.657363279128202
162.62769,38.561478,30,0.18931834,4.607892,14.737105496178462
235.21764,51.308258,10,0.6068117,4.607892,14.32696121194612
180.0,40.089466,10,0.79389435,4.607892,14.270777523654042
195.30626,46.13848,10,0.39816773,4.607892,14.337539055650772
171.42337,44.486973,10,0.40916222,4.607892,14.252349125675458
161.11984,36.340214,30,0.3472741,5.103636,14.182149723880102
188.0482,27.61683,30,0.26351467,5.103636,14.357759117597745
181.85114,29.547504,30,0.26351467,5.103636,14.357759117597745
132.51273,33.851475,10,0.5024461,5.103636,14.366030068745031
165.5332,43.618935,10,0.6536529,5.103636,14.224606945900646
149.2942,36.983192,30,0.46209264,5.103636,14.541225914350555
138.74063,46.53755,10,0.5000771,4.607892,14.237752013618916
133.85771,49.43512,10,0.5621735,4.607892,13.811478651431148
159.34076,39.706665,10,0.465371,4.607892,14.055124688608624
194.10979,42.02936,60,0.3226014,4.607892,14.611309427635549
149.08334,43.899506,10,0.6579085,4.607892,14.634234740980771
85.698326,40.802666,10,0.80581325,4.607892,14.965925283973355
67.80852,14.421194,30,0.71860665,4.607892,14.8317362076925
10.39689,31.339142,10,0.7604752,4.496347,14.817020247329168
161.09709,52.439983,30,0.4712684,4.496347,14.478289637989484
100.98017,37.412365,10,0.7908041,4.607892,14.866645863484328
128.42204,42.35527,10,0.48750666,4.607892,14.743886501744411
187.39824,44.8778,10,0.53636366,4.496347,14.470377919041368
208.68059,29.769567,10,0.5618196,4.647837,14.527833214325316
118.239204,30.182817,30,0.28119293,4.549546,14.261103255435785
117.957794,31.861624,30,0.52030677,4.549546,14.140627497044385
79.96812,33.043953,30,0.3195418,4.647837,14.224565909708744
55.825783,40.84539,10,0.7128954,4.90307,14.9655034145967
136.90482,32.73625,30,0.65657073,4.647837,14.192089397107818
114.77262,24.872032,30,0.62401867,4.647837,14.426796642861216
290.8913,59.898983,60,0.076358825,5.103636,14.28478284118736
185.5355,29.64968,30,0.16035055,4.804811,14.602751165161306
133.52362,34.2817,30,0.33258027,4.647837,14.316906943367115
134.21207,37.454823,30,0.20847842,4.647837,14.412333384634932
153.1683,34.58058,30,0.20717782,4.647837,14.279678864556406
166.26227,31.657413,30,0.49355894,4.647837,14.406799772073269
109.76413,31.895351,30,0.47515678,4.967406,14.224731419405757
149.18315,34.159523,30,0.17942558,4.3611135,14.503538285132816
174.8334,22.114132,30,0.19279785,4.3611135,14.63406409889902
195.18704,39.985844,60,0.2608255,5.103636,14.146923248197108
137.1028,31.745798,30,0.5164491,5.267828,14.17651558640908
150.51172,32.304913,30,0.43572462,5.267828,14.131548442165393
145.455,24.323828,30,0.28174093,5.267828,14.11629743911622
129.28026,43.411526,10,0.78073645,4.647837,13.67105985099854
131.48409,44.34825,10,0.58293104,4.647837,13.800610457448656
101.97947,25.076872,10,0.47894052,5.267828,14.742774866924927
127.88622,30.110632,60,0.35647044,4.647837,14.31971191668882
104.677765,27.071276,10,0.5713023,5.267828,15.085035563835469
158.61952,24.32239,30,0.17536116,5.267828,14.646257332401516
231.4874,25.076763,30,0.18351594,4.647837,13.986879073802012
199.28993,35.766193,30,0.32124433,4.647837,14.465689568612948
165.5896,20.188452,30,0.26354843,4.4971914,15.290800483506986
122.753525,25.581738,10,0.6674795,4.4971914,14.910378656767415
115.35467,29.554821,30,0.72558594,4.4971914,14.733628296734189
34.370815,36.695545,10,0.8082759,4.1832337,14.80206158791334
163.8671,35.92744,60,0.2611593,4.647837,14.423805211192274
113.8626,35.763927,10,0.7834269,4.263062,14.458448184171312
184.2164,36.74716,10,0.53305703,4.3611135,14.317053570380208
120.93605,33.475224,10,0.6257521,4.263062,14.862886325331258
62.040512,31.86019,30,0.26828578,4.263062,14.30033350421159
118.70526,41.22752,30,0.38130537,4.263062,14.183391157533904
90.0,21.021204,30,0.57464737,4.263062,14.99388811213327
68.96279,24.272774,10,0.65021676,4.263062,14.422231170632594
95.94156,32.027187,30,0.39178082,4.263062,14.426399353952348
98.16351,34.372025,30,0.2590644,4.263062,14.51011099111763
166.89088,29.471272,10,0.5902644,4.6264033,15.19084363183669
197.37215,38.56145,10,0.6742438,4.6264033,14.799971929021826
195.78925,36.508472,10,0.5027283,4.6264033,14.745803673551636
153.0247,36.00061,10,0.56825536,4.6264033,14.91331322701814
146.01006,45.43302,10,0.678501,4.6264033,14.24971165741236
108.92508,43.480335,10,0.56432194,4.6042256,14.454982743275314
153.94006,33.692608,30,0.4803667,4.6042256,14.53632784462554
144.13293,50.625137,30,0.3603826,4.6042256,13.946407474132052
109.480316,21.222794,10,0.68999046,4.6042256,14.511964263855493
87.798096,40.119217,10,0.65801525,4.6042256,14.646689819000402
87.18731,33.415604,10,0.57592434,4.6042256,14.85484252812353
91.20623,37.559418,10,0.58608526,4.6042256,14.507746473144042
70.519226,41.144608,10,0.7598049,4.6042256,14.34612054135906
57.9363,27.401657,10,0.65204,4.6042256,14.933787556482208
63.729477,41.275455,10,0.7257443,4.6042256,14.4264022441486
134.50168,34.715805,10,0.65511376,4.6042256,14.57416666419644
230.4633,35.45195,10,0.78957,4.4971914,14.371424068141955
64.412735,25.978188,10,0.73167896,4.559856,14.872861461534638
102.46433,34.019974,10,0.62588567,4.6264033,14.883801134470842
87.335884,34.85855,30,0.7844151,4.559856,14.244146158373468
111.33767,40.207253,10,0.6328424,4.559856,14.782883204445854
107.329285,33.110653,10,0.78084385,4.559856,14.83236488364862
39.676125,32.250546,10,0.5925926,4.559856,14.300965254696012
61.84992,38.279587,10,0.74711525,4.559856,14.447446466238016
40.06831,39.52125,10,0.74304694,4.559856,14.503050749955005
52.847588,38.803173,10,0.7346895,4.559856,14.65533131472155
54.12235,13.960384,10,0.70950425,4.559856,15.399727542415429
90.0,29.58233,30,0.27083334,4.559856,14.459234739670496
86.1099,25.511095,10,0.73230714,4.559856,14.613991318808086
61.62075,56.28408,10,0.7151982,4.559856,13.894015752559945
43.213234,52.653122,10,0.6579949,4.559856,14.604818107143512
249.77782,35.08686,30,0.6882077,4.6264033,14.87034632334738
238.62999,31.878866,10,0.7890068,4.6264033,14.663871015332331
254.00142,35.176292,60,0.7495679,4.6264033,14.69391622825298
261.1331,32.215855,10,0.81104255,4.559856,14.828327482322935
277.40714,32.12165,10,0.82607436,4.559856,14.77198458965322
294.5251,31.96288,10,0.7844703,4.559856,14.7531595291625
10.873988,41.141712,10,0.83321106,4.559856,14.406117659154267
5.171189,22.114275,10,0.64100885,4.559856,14.599360691944828
355.0267,32.362797,10,0.79573077,4.559856,14.532410698729398
330.50656,40.546986,10,0.79830587,4.6264033,14.44870092816028
309.12003,30.544647,60,0.63529414,4.6264033,14.122476780972413
290.74924,34.426075,60,0.37808293,4.6264033,14.799358164001728
356.76254,32.96526,10,0.61096257,4.559856,14.455945374716585
21.676785,32.80287,30,0.35737827,4.559856,14.741974157667284
217.57117,45.60055,10,0.71411324,4.559856,13.837466488498528
194.46776,43.61906,10,0.71607447,4.559856,14.34923829360426
196.93933,41.345886,60,0.45021185,4.6264033,14.345652741211635
214.94572,33.879387,30,0.43409917,4.559856,14.241640416667584
213.30219,30.981346,60,0.5038435,4.559856,13.96303567616645
230.98692,29.498499,30,0.6289655,4.548963,14.88323108148604
221.47505,34.659008,10,0.5763878,4.548963,14.753332998833988
241.85524,38.28442,30,0.6063794,4.6264033,14.921631244638723
220.03818,36.50222,10,0.66441005,4.6264033,14.695634613895711
160.10596,40.7204,10,0.45146236,4.4971914,14.59533677896918
175.11754,40.730965,10,0.6702017,4.496347,14.260087937495122
175.82326,26.709585,60,0.36715645,4.987441,15.179497700308012
174.12485,35.603535,60,0.5628526,4.987441,14.948897628722426
151.2434,31.355886,30,0.69747686,5.2217073,14.850647997039678
206.57426,37.893517,10,0.76647764,4.987441,14.99398423069794
212.16357,27.307598,10,0.5694262,4.987441,15.140550131959492
200.67368,37.903812,10,0.7287505,4.8086514,14.911957079557007
168.48352,39.557335,10,0.70259917,4.987441,14.593784471461944
322.0482,30.767183,10,0.73464656,4.6042256,14.99494677950637
226.28613,43.136703,10,0.5246701,4.6042256,14.652859413606702
193.89323,28.085264,30,0.46593696,4.6042256,14.917416244644851
195.30412,46.13819,30,0.44143206,4.6264033,14.652108180326607
173.79321,40.255505,60,0.45042193,4.6264033,15.169492327976384
240.6312,24.801792,30,0.3693189,4.6042256,15.170993128479266
315.39633,46.899467,10,0.65924144,4.6042256,14.03585489423975
153.24443,53.29841,30,0.4892945,4.6042256,14.069922439879813
158.30373,43.2525,10,0.4817506,4.790456,14.466111465746224
327.13776,33.999992,10,0.4826549,4.263062,14.134158447151046
152.18411,39.47546,10,0.79399467,4.6042256,14.394613999025813
142.99457,44.215828,10,0.7097004,4.6042256,14.058682019174512
165.89435,42.028847,30,0.41105527,4.790456,14.511776789788282
3.157896,33.6123,60,0.7241665,4.696327,14.491965072972164
14.363424,41.529236,10,0.74158716,4.696327,14.654613590193373
31.837904,44.180267,10,0.75725025,4.696327,14.54558251719788
83.69333,30.517216,60,0.67550564,4.696327,14.974547011340231
87.84557,40.735424,30,0.6536986,4.696327,14.493606042299314
19.07832,31.65921,10,0.836977,4.548963,14.816710539399711
217.40752,37.017166,10,0.64292055,4.625964,14.369914245243743
192.75117,42.39108,10,0.63976836,4.625964,14.09104222681564
185.27724,38.540028,10,0.75343937,4.625964,14.213619532239523
202.62917,33.68114,60,0.47475106,4.625964,14.735035561112818
189.36967,38.22113,10,0.73703384,4.625964,14.59372878425292
244.99652,36.042343,60,0.21710794,4.625964,14.513694928754507
211.979,28.961596,60,0.5449013,4.625964,14.877021175513624
240.76628,32.2019,10,0.67122364,4.625964,14.695100834736984
248.24435,31.443188,30,0.5944032,4.625964,14.75428176656029
240.12749,40.198578,60,0.23567691,4.625964,14.45969244614667
191.04002,25.561646,30,0.45199227,4.625964,14.65755962904244
215.0835,29.841726,10,0.55409026,4.625964,14.5918113634154
22.281672,45.41674,60,0.46262732,4.625964,14.126604257413836
15.463366,37.08232,10,0.76635253,4.625964,14.384786678955493
203.81187,46.23162,10,0.5821014,4.5957475,14.727695204771704
179.03203,47.32754,10,0.7489936,4.5957475,14.715641310221615
180.0,29.534676,30,0.78913957,4.5957475,14.946883031305276
243.97075,43.804028,30,0.65931684,4.758372,14.842995414005262
156.1657,35.96379,60,0.51635784,4.5957475,15.09527098438186
178.77644,40.63446,10,0.4147964,4.5957475,14.762768700044258
255.04695,39.19987,10,0.6206972,4.5957475,14.707483079266584
38.493546,37.42516,10,0.7485471,4.4527707,15.017269176230428
134.35936,43.509655,30,0.46585628,4.772528,14.923701815628975
120.16256,58.16867,30,0.36940068,4.5403075,14.165989064258666
79.16957,48.238297,60,0.49126282,4.90307,15.000625827641898
7.799232,47.159405,30,0.88990825,4.780184,14.701544224460845
208.93079,39.77126,30,0.30043384,4.9416623,14.30431125932643
233.11613,37.059517,10,0.48497853,4.9416623,14.50827896430475
220.29976,40.33139,30,0.34346175,4.9416623,14.592060551966508
142.27106,37.87406,30,0.43648794,4.9416623,14.435984672977204
281.9817,25.072882,60,0.6805094,4.9416623,15.053111680738112
150.8892,48.498207,10,0.4561124,4.8086514,14.53070039420817
223.85066,36.529507,60,0.68328935,4.8086514,15.046532634024118
240.74689,40.737762,10,0.80210525,4.8086514,14.526409703862113
224.40001,39.973347,60,0.33182228,4.8086514,15.153074573468883
200.67752,46.072075,30,0.3489301,4.8086514,15.274032712018226
233.96964,37.616623,10,0.5838918,4.8086514,15.246650065885412
240.66199,42.77158,30,0.54985344,4.8086514,14.91761620796042
241.33188,41.261158,30,0.41320634,4.8086514,14.98185521704246
192.92276,50.866325,10,0.47074762,4.987441,13.676693404599574
217.03897,33.79161,10,0.5458158,4.987441,14.363413960711624
216.7449,43.515545,10,0.5474199,4.987441,14.380941959745636
217.8903,44.554615,10,0.47660998,4.987441,14.498662456266064
217.55536,47.261444,10,0.37487122,4.987441,14.238369685974458
214.67342,35.32145,10,0.43126684,4.987441,13.91289313985044
120.73837,46.264732,60,0.27083224,4.541609,14.86465443936641
117.25224,51.05454,10,0.34479487,4.541609,14.877586331707857
174.92429,39.652836,30,0.40064266,4.541609,14.941275387819804
152.62971,32.53758,30,0.5890467,4.541609,14.915709927538073
160.98163,38.225063,60,0.5524849,4.541609,15.076378728143856
166.81244,25.741537,30,0.6278251,4.541609,15.454227453515106
151.94415,31.950644,10,0.7019433,4.541609,15.545743860435213
143.943,29.277727,10,0.80550957,4.541609,15.3895347739192
166.5899,43.48797,10,0.7197657,4.726099,14.712842200007405
185.8778,35.60366,10,0.56478584,4.726099,14.70819482774222
155.9149,33.97192,10,0.7812737,4.726099,14.79848830926776
112.65738,47.53314,10,0.59153485,4.726099,14.364023727311002
97.91311,63.42244,10,0.70481,4.726099,13.86366128754748
149.32097,49.858513,30,0.3613475,4.726099,15.743928845829476
78.381424,53.80199,10,0.4557106,4.726099,15.321869289816412
49.77862,47.804283,10,0.5675984,4.586505,14.45399849995131
71.48453,29.28061,10,0.658831,4.726099,15.159353755866242
81.14425,32.248165,10,0.8309775,4.726099,14.93886711950582
106.08002,43.0792,10,0.48510313,4.726099,14.829363502000316
109.72945,31.938707,60,0.2932377,4.726099,14.873698197498404
79.04895,53.741306,10,0.8102345,4.726099,14.548658841526567
102.78978,33.349525,10,0.57120615,4.726099,14.490530081248531
235.98009,20.613098,10,0.7751792,4.726099,15.120821447541694
296.76767,40.78208,10,0.7819966,4.758372,15.006877751926565
189.03265,43.054317,30,0.69500935,4.726099,15.066490496017614
141.64903,39.545464,30,0.2865681,5.2163897,14.571592919620388
305.15738,50.400883,10,0.6743764,4.9416623,14.17914414972148
312.6799,49.481453,10,0.69662493,4.9416623,14.06561661319745
82.6047,32.16273,60,0.27107167,4.835017,15.164745575756202
283.96246,31.123798,10,0.46753246,4.586505,14.633821744917435
199.5664,31.018253,60,0.37147436,4.647837,14.33189586561086
136.4693,29.17003,30,0.4728261,4.967406,14.419839835984126
67.16621,22.643303,10,0.52576566,4.967406,14.80045579866002
92.1104,23.729635,30,0.7907654,4.967406,15.086750901336954
180.0,36.071453,30,0.4240485,4.496347,14.564010308269095
154.86662,36.245445,30,0.6370831,4.496347,14.681440976900197
172.19067,47.160095,30,0.53886694,4.496347,14.23474614678426
157.89445,34.270992,30,0.5325712,4.496347,14.18281406535996
149.0777,43.90119,30,0.5772549,4.496347,14.3440545450744
184.41125,35.541183,10,0.56789464,4.607892,14.424517348887544
154.12915,32.197735,10,0.8112056,4.496347,14.92618509530572
153.1506,34.584766,10,0.6793407,4.496347,14.718054019478704
116.394066,49.364613,60,0.543907,4.696327,14.337204241427148
94.3578,46.808235,10,0.7358082,4.696327,14.21815262668687
81.38326,32.954166,10,0.7268293,4.696327,14.579072316177546
82.10576,43.316513,10,0.7586935,4.696327,14.914021198705337
90.97388,43.60381,10,0.7586935,4.696327,14.914021198705337
91.1509,38.866627,10,0.77563435,4.696327,14.732416080116954
68.23812,31.436245,10,0.7754789,4.696327,14.99046673198187
105.67397,50.156128,30,0.63127226,4.696327,14.337904871655985
70.738655,39.8357,10,0.8219118,4.696327,14.337299123188362
63.499462,38.594448,10,0.8219118,4.696327,14.337299123188362
353.54498,39.164623,10,0.77713,4.696327,14.557430610491028
37.026028,36.127357,10,0.8188628,4.696327,14.893218896886694
35.41913,34.80843,10,0.77986205,4.696327,14.591814951984082
170.27524,47.307358,30,0.5935238,4.696327,14.22000306916492
161.0355,53.516422,60,0.43506116,4.696327,13.85317426563059
204.1504,43.236053,60,0.30484417,4.77441,14.489801571372151
222.98169,36.95529,30,0.4735843,4.77441,14.575460805226754
222.45631,45.88054,30,0.5926834,4.77441,14.20452164129673
197.58159,40.332905,30,0.4049125,4.77441,14.619952507229394
189.634,44.571697,60,0.32,4.77441,14.382950109421245
92.57273,47.252483,30,0.6260135,4.77441,14.23469216440487
37.329998,43.120872,30,0.62710136,4.77441,14.246799257760031
97.194954,14.4934635,30,0.46954876,4.77441,15.702776774377114
114.40755,36.660732,30,0.6551471,4.77441,15.438382260727582
91.80763,45.745377,30,0.5391989,4.77441,14.38546032199228
100.94042,30.83962,10,0.69745606,4.77441,14.848855405277735
43.88767,41.938004,10,0.72364926,4.77441,14.384675377858658
50.360474,20.837667,10,0.73469824,4.77441,14.47169612170655
24.903975,34.83965,10,0.72655076,4.77441,14.658966827128763
72.186584,32.414906,10,0.5044501,4.4527707,13.829670988851571
72.18102,46.613976,10,0.768648,4.696327,14.716292478071514
109.7701,60.54504,10,0.7749734,5.3439345,13.844060205628915
70.52628,34.20797,10,0.7998743,5.3439345,14.199238419065864
86.70043,40.155987,10,0.7821656,5.3439345,14.047867324624653
136.68938,38.69068,10,0.55358154,5.3439345,14.273734298516482
113.84427,40.06111,30,0.48355374,5.3439345,14.380473521075242
101.52905,36.08989,30,0.49084994,5.3439345,14.199397277547943
91.946945,43.61987,30,0.37091184,5.3439345,14.42323935707017
58.34387,42.779095,10,0.72587574,4.77441,14.218345899057388
73.023384,46.489166,10,0.5226863,4.77441,14.090310088129126
76.10187,43.335247,30,0.43794578,4.77441,14.05552628525935
78.88968,45.23018,30,0.49635363,4.77441,14.21709544550779
77.54198,42.002094,10,0.78594804,4.77441,14.410992470978378
76.834076,32.604244,30,0.75458837,4.77441,14.782050965076946
82.90527,52.65693,30,0.53180957,4.77441,14.450124598477364
115.81372,62.64736,30,0.40201417,4.77441,14.054592978633297
137.20824,50.503895,10,0.4460745,4.4527707,14.041207950234112
143.4052,52.225765,30,0.5315491,4.4527707,14.186576780414828
136.29175,52.406727,30,0.48527184,4.4527707,14.350975020860355
146.23349,40.58981,30,0.41430947,4.4527707,14.204092267539766
176.70583,43.731083,10,0.7599412,4.5403075,14.73892349458285
89.12732,46.74514,30,0.55345315,4.77441,14.413650282319312
112.18289,37.658657,10,0.72849476,4.5403075,14.779072917869122
161.45636,42.676327,30,0.65622646,4.5403075,15.06551837055982
116.26901,34.796696,30,0.42457232,4.5403075,14.24151780509672
133.72092,16.934505,60,0.09246488,4.90307,15.752146982986732
68.77195,44.52534,10,0.7348943,4.90307,14.42861366114555
151.14006,34.36762,30,0.42872766,4.90307,14.677289346461908
119.38493,50.674706,30,0.51566416,4.90307,14.26598176669239
52.889297,32.777817,60,0.35215053,4.90307,15.511064634928172
32.186195,34.550507,60,0.40345922,4.90307,14.673572451132973
337.44095,27.738546,10,0.7378965,4.90307,15.308917079308618
13.764425,31.66033,30,0.7018837,4.90307,15.295608559975022
75.95958,48.60095,10,0.61420465,4.90307,15.532412599386364
40.849243,39.118183,10,0.7569388,4.90307,14.874524440454008
53.029583,37.975037,10,0.7815293,4.90307,14.937696539453134
45.97148,28.177856,30,0.5591588,4.90307,15.251711080921334
44.752945,36.10837,10,0.75643677,4.90307,15.104503144578134
36.547077,30.299738,10,0.74662715,4.696327,14.979974986017169
32.47198,42.64535,10,0.45146826,4.696327,14.58943011659355
165.09128,40.508453,30,0.5211841,4.77441,14.533123923949962
174.89528,31.698847,10,0.5329275,4.77441,14.964578900032464
118.41661,45.58121,30,0.51943463,4.77441,14.33495937561838
132.34523,38.41623,30,0.4531683,4.77441,14.546060445051642
189.32825,45.485485,10,0.53803545,4.77441,14.030323415943226
174.12656,41.82937,30,0.5019185,4.77441,14.335392991817026
197.54565,49.101143,10,0.6843399,4.77441,13.758698333928455
111.04852,50.58863,30,0.19301285,4.77441,14.233717067234798
110.74296,43.825314,30,0.37688443,4.77441,14.337454439232902
107.618065,50.89118,10,0.5219753,4.77441,13.924183312487152
127.60956,42.046013,60,0.47255468,4.77441,14.120631391270107
133.17361,63.826862,30,0.4254847,4.77441,13.932257754813063
121.739136,47.123806,10,0.61706483,4.77441,13.731057732368852
144.08997,56.29195,30,0.33002058,4.77441,13.830361697300534
191.78894,32.144844,30,0.32826683,4.758372,15.269598676101658
125.44895,38.987404,10,0.6836624,4.77441,14.460471757797873
153.30348,39.192738,30,0.49517187,4.77441,14.20686640527665
165.8865,36.91104,30,0.43616852,4.77441,14.019936231818328
176.9875,34.877937,30,0.37297654,4.4527707,14.598953069299426
198.59201,32.289852,30,0.5533269,4.4527707,14.76952588631029
155.35895,33.38302,30,0.55410784,4.4527707,14.721287036813775
178.79965,41.164223,30,0.47884345,4.4527707,14.508331071589351
192.35237,27.19016,30,0.47713062,4.4527707,15.637508256642
171.02827,35.17219,30,0.5016193,4.4527707,14.676169521388186
166.22554,45.00076,30,0.45208487,4.4527707,14.39503020328419
191.22723,43.24998,30,0.5653906,4.696327,14.125619156790316
141.92638,28.13093,10,0.77312005,4.4527707,14.843122648542156
194.50072,30.336779,10,0.65351456,4.4527707,14.981873710002024
181.85165,29.547512,30,0.5491417,4.4527707,14.938663532349912
188.25404,32.535076,30,0.533132,4.4527707,14.89488401663824
202.53215,27.733948,30,0.69684356,4.4527707,14.949824291689003
197.75656,42.01469,10,0.6694397,4.4527707,14.642569057817568
190.67938,41.654594,10,0.6220998,4.4527707,14.44134512910428
138.14597,27.5462,30,0.5050281,4.77441,14.93531115848222
108.035225,36.204174,30,0.34894022,4.77441,14.674637243760358
112.190605,27.217691,30,0.4581687,4.77441,14.973246963549991
145.28708,43.977974,30,0.49199745,4.4527707,14.747350535208906
188.87169,43.53901,30,0.36646587,4.77441,14.170330504029698
182.49228,40.116184,30,0.41106656,4.77441,14.819517507164
198.13795,32.914974,30,0.2693418,4.77441,14.883324381057164
138.8312,43.416042,60,0.41117734,4.77441,14.394635162781404
137.99033,46.870453,10,0.6287635,4.77441,14.37749647751976
195.19455,39.986847,30,0.39228567,4.77441,14.511107075633456
106.74047,41.962032,10,0.8506603,4.77441,14.816761047075254
124.590836,42.378876,10,0.69356596,4.77441,14.934302791728198
125.05576,37.269344,10,0.6645985,4.77441,14.779272067892162
79.64036,28.374092,10,0.7066625,4.77441,15.029666415457118
117.46316,35.069553,10,0.57078105,4.77441,14.401768958818128
81.846,34.402935,10,0.6027237,4.77441,14.447751827909132
131.46278,43.635456,30,0.4589993,4.77441,14.011464941036143
129.93129,42.236668,30,0.42999446,4.77441,14.021719191186266
134.6756,47.25844,30,0.41359428,4.77441,13.979309595758115
92.89009,62.565346,30,0.37369183,4.77441,13.860671468594258
117.711494,56.860394,30,0.274488,4.5403075,13.74120877051825
112.57112,45.34693,60,0.46788394,4.5403075,14.77566983523315
155.86119,40.413315,30,0.35555366,4.5403075,14.837528249743002
187.67598,34.451435,10,0.5312947,4.5403075,15.328450315371978
50.974426,41.1563,30,0.3519646,4.1764784,15.275525213920702
124.92784,28.244444,60,0.09054264,4.1764784,15.299687787389146
101.184555,47.332283,30,0.4079762,4.1764784,15.035328310324989
114.27044,42.1699,30,0.55233383,4.1764784,15.104746272460126
101.29582,44.761875,30,0.4068107,4.1764784,15.703793746959157
112.73561,38.513443,30,0.40440008,4.1764784,15.198555696357698
84.69399,54.47009,30,0.36906376,4.1764784,15.139656847543987
17.175238,29.210876,60,0.38352638,4.635934,15.356037230014913
77.701416,57.929,10,0.6373006,4.90307,14.919756587545653
87.47366,47.77145,30,0.5862628,4.90307,14.8057766429529
108.09896,27.523035,10,0.5796643,4.90307,15.3037612882392
65.16699,58.895397,30,0.5295152,4.90307,13.94280776486079
70.22459,27.757862,10,0.69282514,4.90307,14.818184850335156
90.0,36.94592,10,0.5943233,4.90307,15.140544470091156
58.29301,32.894867,10,0.66572636,4.90307,15.285167275879914
122.22748,31.26193,30,0.38581192,4.90307,14.563314799298986
121.12598,39.152786,10,0.5335478,4.90307,15.066030776393744
73.22931,38.147057,10,0.7853014,4.90307,15.162632032234258
47.144596,44.2986,10,0.6897412,4.90307,14.7397595858072
48.569725,40.57101,30,0.50164896,4.635934,15.491408251311388
11.526653,39.558353,10,0.5222717,4.90307,15.296082626164033
134.687,40.42121,30,0.40558365,4.1764784,14.70731108387022
50.404797,37.30542,10,0.7536814,4.1764784,15.461439939696476
106.92231,48.042637,30,0.29577014,4.1764784,14.838382302304543
106.39018,34.54388,10,0.6372698,4.90307,14.61707755289462
29.53142,30.76761,10,0.7681564,4.90307,15.25169798563756
56.07945,24.897423,10,0.5667908,4.90307,15.758139210555871
340.62848,26.4557,10,0.36839542,4.635934,15.668548628284228
67.267944,49.550945,30,0.44529015,4.635934,15.1238670771352
50.6562,33.579422,30,0.47708368,4.635934,15.38056720338119
30.680588,38.327866,30,0.4874857,4.635934,15.499295748312433
138.80527,43.427372,60,0.24380925,4.635934,15.52602485250329
28.140879,33.460007,30,0.6212226,4.90307,15.371233666120798
329.6909,30.168228,10,0.6563397,4.90307,15.52753130642288
41.935143,32.25431,30,0.5656331,4.90307,14.902731899795416
345.07703,40.51033,10,0.7217935,4.90307,15.441056236415172
54.50781,30.349455,10,0.6426482,4.90307,14.682407711637271
338.75275,49.326164,10,0.70885044,4.90307,14.682289999714053
270.0,43.56864,10,0.64407563,4.674496,14.811712147656293
130.44894,34.939735,30,0.40134424,4.635934,15.431487364522464
108.0197,47.698208,30,0.43289176,4.635934,14.945244267047608
71.525955,35.57232,10,0.6438106,4.635934,15.23403289826303
93.44512,38.94316,30,0.47486034,4.635934,14.892663158713288
6.7984033,31.777843,10,0.6763551,4.90307,15.375193950660462
126.83509,50.545628,30,0.46214,4.1764784,14.835484645734148
86.69705,40.127117,10,0.6330567,4.3611135,14.172488528746014
216.39096,54.219807,30,0.26817256,4.674496,14.64043745619546
220.72911,53.385136,10,0.78489846,4.674496,14.860287935900686
221.31383,44.12275,10,0.617034,4.674496,14.49643130143846
152.12202,40.719074,30,0.7461664,4.674496,14.882584576679015
211.49751,57.600063,30,0.307783,4.674496,14.868235812455907
199.69145,45.890923,30,0.5923913,4.674496,14.70594870494192
214.35178,40.135063,10,0.786468,4.674496,14.758454808650871
207.97456,56.682556,30,0.31606218,4.674496,14.439591571015065
206.23027,35.13775,10,0.6986259,4.674496,14.820336249900963
224.2051,44.15763,30,0.4847535,4.674496,14.814413731527202
217.32028,41.195007,10,0.54405373,4.674496,14.359542036060988
187.15892,41.3803,30,0.7536378,4.674496,15.003880604409312
308.44867,42.338554,10,0.73613924,4.605922,14.961392579910294
264.77194,57.976513,10,0.8291908,4.383127,14.565269701218533
203.8653,39.154446,10,0.63181955,4.383127,15.055654964579247
224.10077,38.272343,30,0.483372,4.383127,15.107193405049191
218.28542,47.544827,10,0.70076257,4.9416623,14.70599756937671
206.54628,37.886738,10,0.6933622,4.9416623,15.050839110580684
203.82999,48.557205,30,0.33851707,4.383127,14.771773436000698
213.67543,47.44769,30,0.35521996,4.383127,15.176815187316
166.0112,44.545776,30,0.42944786,4.9416623,14.702795099998635
204.59396,36.786182,30,0.38378742,4.9416623,15.177353273856632
155.82262,50.34914,30,0.50817525,4.9416623,14.346381608417342
154.89801,51.369835,30,0.26941618,4.9416623,14.556394943721868
145.43825,59.683323,30,0.44117647,4.9416623,14.215741694422077
166.472,57.42353,30,0.40834743,4.9416623,14.76740279373916
194.0063,48.60553,30,0.4120439,4.9416623,14.853392079392115
196.96796,46.83631,30,0.22010495,4.9416623,14.706751677367413
150.51788,27.50513,30,0.41888,4.9416623,15.251974143101496
166.86612,46.3214,30,0.37002027,4.9416623,14.678277090494667
159.34792,41.421047,30,0.34965292,4.9416623,14.50094348720342
148.04388,28.955544,30,0.34428263,4.9416623,14.900775444415606
234.97452,49.8299,10,0.6738752,4.9416623,14.56223636518087
154.1466,14.135108,30,0.4851128,4.9416623,15.73900021498347
124.17987,51.09343,10,0.51996773,4.9416623,14.800215224398016
122.52161,43.0276,30,0.58336323,4.9416623,14.71345734841406
163.12514,34.743732,30,0.3530718,4.9416623,14.782102971172664
136.10257,46.55608,30,0.26528117,4.9416623,14.212086015814393
177.64563,41.70358,30,0.25749367,4.9416623,14.501961550425516
228.98672,55.50707,10,0.50998855,4.9416623,14.478021418435928
164.21648,54.713375,30,0.4432011,4.9416623,14.01101594361366
215.42264,60.506527,30,0.43513805,4.674496,14.41005488747854
200.30177,43.510098,30,0.61827683,4.674496,14.728733360368953
128.6768,36.913902,10,0.62940174,4.5957475,15.162097764286711
55.836082,33.54458,10,0.6451674,4.7094727,13.910906281371268
26.378506,36.53236,10,0.63416815,4.7094727,14.206089642502183
54.476963,34.85766,10,0.6372682,4.7094727,14.28009480324528
38.16722,43.444405,10,0.7616564,4.7094727,14.025937865458843
308.06097,39.14504,10,0.55825627,4.586505,14.431107409205843
313.24255,49.754528,10,0.46491414,4.586505,14.665788225169043
272.35446,38.240944,10,0.59915906,4.586505,14.375214919706863
278.97055,46.07278,10,0.59906155,4.586505,13.858976504343202
287.8212,46.61052,10,0.4333954,4.586505,13.579331079948645
288.4686,40.980953,30,0.6110444,4.586505,14.546579285415852
242.71867,26.309368,60,0.46861508,4.586505,14.823743520109533
281.53146,25.913313,60,0.41291904,4.586505,14.783666761998797
266.83725,41.354618,30,0.44491526,4.586505,14.26897705436687
266.9329,31.177612,60,0.35107654,4.586505,14.70617694272667
257.25595,38.91051,60,0.35051244,4.586505,14.525607868770033
247.80003,37.638416,30,0.50152254,4.9416623,14.580186144209751
291.02856,24.281197,30,0.43985954,4.9416623,14.768094973884995
273.0987,41.93617,30,0.54746497,4.9416623,14.04244837307544
268.38358,59.84944,10,0.38035187,4.9416623,14.04057572471472
270.81708,48.622208,10,0.59145266,4.9416623,14.091787454573184
274.10083,53.63665,10,0.67256236,4.9416623,13.792776990387685
303.32767,40.511517,10,0.7045858,4.9416623,14.520199305193469
214.83585,37.566162,30,0.38213998,4.9416623,14.363949790613088
226.03142,40.009842,10,0.673138,4.9416623,14.528702710701072
215.63162,54.73298,10,0.60939837,4.9416623,14.028055253504808
236.97166,36.593334,10,0.5949241,4.586505,14.19921609612297
266.5105,28.009367,10,0.71130836,4.586505,13.81835970059221
315.30106,28.659554,10,0.55359393,4.9416623,14.206590980711171
184.04256,37.916847,30,0.25581396,4.9416623,14.858825645756673
173.67406,39.714172,30,0.40843257,4.9416623,14.741454206363752
237.71935,37.15337,10,0.4619829,4.9416623,14.331820445187097
245.14368,22.958399,30,0.3122388,4.9416623,14.73507762678405
250.23732,31.897156,10,0.43196127,4.9416623,14.449290252667328
249.52048,41.31821,30,0.63247865,4.9416623,13.87163825002018
246.71681,36.39599,10,0.6087836,4.9416623,14.064155716704684
149.92703,37.485954,30,0.5316642,4.9416623,14.05180985846336
175.95824,27.442862,30,0.46257585,4.9416623,14.236660540603417
165.5111,30.33545,30,0.46257585,4.9416623,14.236660540603417
148.00375,35.954296,30,0.50177705,4.9416623,14.03486663553976
149.97902,40.074547,30,0.54215217,4.9416623,13.94802738267886
312.12943,47.35896,10,0.574141,4.9416623,14.71501763350818
320.33505,32.246365,30,0.5726808,4.9416623,14.724825025135502
294.85672,22.958096,10,0.5399188,4.9416623,14.709673085010168
286.77805,40.06955,10,0.60784316,4.9416623,14.426260175918792
267.02194,31.929647,10,0.40349838,4.9416623,14.83776933650148
206.68196,26.065985,10,0.33429188,4.9416623,14.713733643665496
206.00195,42.569122,10,0.3747573,4.9416623,14.6125416661753
198.31212,34.957466,10,0.45428672,4.9416623,14.788588936430283
205.62767,30.646006,10,0.3112245,4.9416623,14.798383403101209
219.8004,38.683083,10,0.4307229,4.9416623,14.698717146425432
210.38368,26.869276,30,0.6307449,4.9416623,15.14515338321598
163.733,46.274174,30,0.4214156,4.9416623,14.569301049799847
182.53891,39.5699,60,0.06248868,4.9416623,14.78888098398136
167.00601,39.147156,30,0.374275,4.9416623,14.658685867553071
201.75697,41.633812,30,0.61275476,4.9416623,14.463006331074205
212.98993,46.183052,10,0.59754395,4.9416623,14.98660415145549
224.36215,39.955105,30,0.29542646,4.9416623,14.60051368444696
219.12372,49.94373,30,0.5014111,4.9416623,14.213163390857986
277.81906,39.791504,10,0.73637044,4.758372,15.201613229352755
185.10146,31.698717,60,0.20225385,4.9416623,14.609651254084664
257.11978,47.447037,10,0.4912151,4.586505,14.007759674891044
280.22855,42.352367,10,0.549386,4.586505,13.95969874146722
280.22855,42.352367,30,0.32003272,4.586505,14.22190421841326
270.0,29.580502,30,0.48171845,4.586505,14.824355158261604
237.72769,37.159733,60,0.26361868,4.586505,15.192580217690072
224.5711,35.161964,30,0.40731925,4.586505,14.748785835134235
254.49785,44.09969,30,0.37875515,4.586505,14.286333564811176
210.21725,31.724134,30,0.37821782,4.9416623,14.401138759942867
211.3897,50.06911,30,0.34159482,4.9416623,13.828651272339007
232.08522,44.266224,10,0.5941945,4.586505,14.728238488628074
292.5368,44.169136,10,0.59527826,4.586505,14.526631508563067
18.180231,27.842484,10,0.4709518,4.586505,14.974233527774173
253.93668,39.31893,30,0.6992978,4.9416623,14.607091546430734
210.63863,49.846706,30,0.37502852,4.9416623,13.869283488166
164.7625,42.17626,30,0.4299517,5.2217073,13.853915335342151
172.36815,51.144066,30,0.55388564,5.2217073,14.08830564309464
90.0,32.648983,60,0.6020352,4.967406,14.795368237383752
152.66113,32.530212,10,0.8003151,4.967406,14.619308419285204
164.50017,41.6797,30,0.41520655,4.967406,14.150072152687663
111.454094,19.497398,10,0.530137,4.967406,14.98891558729215
92.97746,31.934769,10,0.6922792,4.967406,14.438453399586194
60.29573,33.159016,10,0.74799615,4.967406,14.573255509277931
68.54476,35.302265,60,0.623483,4.967406,14.655788982218592
143.8073,34.293312,30,0.3990178,4.804811,14.776009298150054
197.68771,33.53039,30,0.4204244,4.967406,14.59508788683802
306.19516,33.340363,60,0.4635099,4.804811,14.794292837571591
308.3479,23.91954,10,0.6997302,4.607892,15.016179549922882
322.36304,24.214378,10,0.69448125,4.607892,15.05948460064312
41.3362,30.203787,10,0.7772222,4.804811,14.906327553306966
63.995438,30.571917,10,0.6210599,4.804811,14.822770425748466
97.946045,19.356169,10,0.67543095,4.607892,15.465461959879171
202.15813,23.60368,10,0.42744106,4.607892,15.113759351451185
129.38065,33.558727,10,0.76095027,4.607892,14.562154758423924
217.02193,16.915934,10,0.57997376,4.607892,15.283909943832963
174.75914,31.025307,10,0.4672619,4.607892,15.08208070183496
129.45416,34.520187,60,0.37451738,4.607892,14.705731519635345
124.90965,40.317524,10,0.14669926,4.607892,14.876572138242196
262.54926,26.5347,30,0.5063723,4.635934,15.21018728667534
162.42409,23.00178,10,0.38650703,4.607892,14.988784384439109
154.66188,37.602226,10,0.54278207,4.607892,14.625642506529251
256.31363,28.69324,30,0.5744893,4.758372,14.456369121215214
200.65924,25.03761,10,0.81842697,4.607892,15.140779722353953
186.71997,38.0392,10,0.5926654,4.607892,14.825517531900276
205.86295,32.196007,10,0.54744285,4.607892,14.71731702290251
219.35341,39.942444,60,0.40085158,4.607892,14.617295013973871
171.95248,33.18271,10,0.6700935,4.607892,14.835318062908446
198.74109,27.149792,10,0.45477998,4.804811,15.02709538537535
213.8291,27.750887,10,0.5034289,4.804811,14.97038566901072
185.87004,28.236345,30,0.51739895,4.804811,14.708843787461593
217.72931,37.874195,10,0.592035,4.804811,14.844959052802825
225.39592,33.763973,10,0.77506596,4.804811,14.80933505588837
228.51518,20.130865,10,0.6110206,4.804811,14.84300764198876
253.57648,32.20254,10,0.6231343,4.804811,14.77195472209698
267.69824,38.872673,10,0.3387437,4.804811,14.619374991152522
253.04207,29.030443,10,0.13113849,4.804811,14.821773718529066
306.19342,52.765953,10,0.39748535,4.607892,14.001294778145224
301.5946,26.306509,30,0.50070775,4.607892,14.734675135257843
283.38937,26.074186,10,0.7410536,4.607892,14.902806107719272
290.5089,26.941763,60,0.733895,4.607892,15.404741865869047
260.50378,34.48231,10,0.6455484,4.607892,14.89901769777869
180.0,38.42148,30,0.48349005,4.463525,13.997238552242884
183.97958,46.52627,30,0.40754104,4.463525,13.804407404345495
208.52423,43.772892,10,0.4817323,4.463525,13.872529722143264
208.48564,42.641117,10,0.73481685,4.463525,13.95534904825212
136.27264,30.217594,10,0.24844407,4.463525,14.280699514857911
189.76077,37.073784,30,0.19384974,4.463525,14.217017951351735
181.2219,40.634445,30,0.19441141,4.463525,13.9999049676034
183.23506,32.9652,10,0.39147708,4.463525,13.99556015724052
193.31168,35.575863,30,0.14988399,4.463525,13.9650167864388
134.49632,34.718353,10,0.7544236,4.4971914,14.857944169493132
353.75232,26.785519,10,0.8026303,4.559856,15.59845545565866
180.0,55.534718,30,0.5945587,4.6264033,13.98654190977534
166.99812,39.14805,30,0.5132128,4.6264033,14.661760417338463
191.0381,25.561499,30,0.5961504,4.6264033,14.814296633062987
191.0381,25.561499,30,0.55125326,4.6264033,14.89348684297396
195.7937,31.200075,10,0.631678,4.6264033,14.880755347769776
212.73503,40.25596,60,0.73800737,4.6264033,15.040578709008368
172.83478,36.285492,30,0.4999236,4.6264033,14.710552330147966
149.15675,34.166843,30,0.4779101,4.6264033,14.692865833786833
203.60551,37.858044,10,0.6372427,4.6264033,14.86163661999714
176.84082,33.612335,30,0.4855884,4.625964,14.771342283272633
159.84859,32.53798,30,0.49273542,4.625964,13.982927162812738
199.07182,50.9617,30,0.57420325,4.625964,14.078122730394233
214.17207,41.362514,30,0.5834631,4.625964,14.332937621715256
210.23737,31.729378,60,0.5767196,4.625964,14.62416733359358
195.19264,39.986595,60,0.48533905,4.625964,14.632493490284224
188.93102,30.53686,50,0.3870773,4.625964,14.906702995673523
181.11719,43.200203,60,0.2817552,4.6264033,14.80490962657098
180.0,37.84767,10,0.2895912,4.6264033,14.74987142937793
186.08969,40.788303,10,0.6995773,4.6042256,14.835759678281027
159.3458,46.06768,10,0.7076768,4.4971914,14.49813255875874
131.48561,37.145504,10,0.66284484,4.4971914,14.929929974967148
146.12224,31.96148,10,0.4720308,4.4971914,14.83284245241344
148.23264,38.648804,30,0.52067745,4.4971914,14.34276062015097
154.84,49.297344,10,0.70672417,4.4971914,14.084615768689506
158.40749,34.852566,10,0.60439104,4.4971914,14.280209605944496
129.28722,43.40727,10,0.5098292,4.6042256,14.515910236765285
84.94627,20.179817,10,0.74031186,4.6042256,15.043291607489772
182.44542,40.653805,10,0.70188427,5.2217073,14.217278190707749
177.90923,45.12322,10,0.5242957,5.2217073,14.0519121740703
76.68299,46.510635,10,0.80719423,4.496347,14.783867360980445
132.56128,51.749027,60,0.27511656,4.496347,14.422714161841924
102.12816,54.206566,10,0.68433297,5.2217073,14.522547079058036
109.46258,25.912355,10,0.5633988,5.2217073,15.309673991971252
137.19672,36.05816,10,0.68364,4.987441,14.884260632236828
70.92966,24.032328,10,0.84348345,5.2217073,15.498914506595298
69.881645,38.66221,10,0.8120711,4.987441,15.30476127088921
172.35156,43.939545,30,0.43281588,5.2217073,14.65127308355866
224.5914,35.17138,10,0.6440481,5.2217073,14.82409605769718
226.50127,34.2939,10,0.6140813,5.2217073,15.014572444966824
197.15553,36.70187,30,0.57530046,5.2217073,14.86085840679274
220.87857,36.051872,10,0.7742769,5.2217073,14.68074576281152
121.275345,34.449604,10,0.62631357,5.2217073,14.34261022430078
94.73553,30.465912,10,0.76980895,4.496347,15.16272341607034
93.16098,30.418695,30,0.549785,4.496347,15.37903007291269
190.3427,27.026556,30,0.41178182,4.625964,15.019936388966125
222.1515,28.628864,30,0.3546798,4.625964,14.914856631391435
262.25742,35.789246,10,0.49331126,4.625964,14.68334324171388
271.15067,38.872513,30,0.56601816,4.625964,14.629022685476857
227.49797,33.856873,30,0.45698214,4.625964,14.76180978355746
221.12045,36.94651,30,0.49247015,4.625964,14.94318271389434
216.49872,27.635193,30,0.35792446,4.625964,14.69155083245456
275.76642,32.80016,30,0.5010274,4.548963,14.982124708317214
213.05165,57.087772,30,0.32708126,4.548963,14.459956682559849
243.33932,42.04776,10,0.7291961,4.548963,14.985537905604946
242.98903,46.91802,10,0.6702921,4.548963,14.4890119535076
246.16367,40.069958,10,0.8071773,4.548963,14.452510982056944
247.31824,55.760563,10,0.8316572,4.548963,14.41275386552902
352.83386,23.77401,30,0.7068499,4.548963,15.522423955875484
344.92178,35.150463,10,0.64123374,4.548963,15.23403999516815
347.91397,31.488491,10,0.82560295,4.548963,15.220603994839202
263.42517,40.306625,10,0.78,4.548963,14.710440762131164
241.32133,41.2516,10,0.7146758,4.548963,14.744199832314044
9.18297,24.661846,10,0.73733383,4.548963,15.183821633659084
10.343657,27.026627,10,0.7638275,4.548963,15.28269589012615
5.2422614,31.025364,10,0.8236375,4.548963,15.249215925206704
341.40613,32.29014,10,0.8068235,4.548963,14.983234482792088
335.6467,28.060526,30,0.8096708,4.548963,15.392658358819702
182.6626,49.791504,30,0.22831978,4.4041653,13.951380609953109
211.68506,22.709835,30,0.5780822,4.4041653,15.197870361648294
288.6972,42.269337,10,0.81354725,4.4041653,14.692688319212277
234.26363,57.66682,10,0.38448846,4.4041653,14.000495509923228
258.89026,33.904247,30,0.46302465,4.4041653,14.767348533115795
143.86751,61.78718,30,0.59573436,4.4041653,14.51433772289128
219.22452,51.885227,30,0.25881168,4.4041653,15.171931593302237
151.57614,59.43719,30,0.23382114,4.4041653,14.125362236723394
115.23294,31.281376,30,0.43282497,4.4041653,14.845491771527582
79.412704,44.10249,30,0.2896305,4.4041653,14.466196573369464
155.89287,37.32857,30,0.24947146,4.4041653,14.65354394923152
118.36646,36.854385,30,0.5379085,4.4041653,15.038134590734474
136.10793,41.940113,30,0.4364361,4.4041653,14.994872378145631
141.91858,53.20052,30,0.28073266,4.4041653,14.73120622582337
256.66495,37.66931,30,0.5689342,4.6328516,15.113195197668256
318.9519,15.59127,10,0.7630922,4.3121977,15.190254496035369
-0.0,37.84767,60,0.72556114,4.3121977,14.600703333484615
42.162487,28.633047,60,0.5909835,4.3121977,15.14889149950231
20.259323,38.440517,60,0.5870398,4.3121977,14.913524297692764
327.68472,33.074196,10,0.7739517,4.3121977,14.733274052802289
313.427,19.454428,60,0.7661664,4.3121977,15.631669411616327
326.4332,29.396748,10,0.7709689,4.3121977,15.035679635083708
191.2973,54.523167,10,0.47274363,4.3121977,14.183640933471972
214.63554,49.255657,30,0.3704137,4.3121977,14.546157216134118
316.87103,59.32288,10,0.7405772,4.1832337,14.050987765502065
36.026443,63.68041,10,0.98527867,4.1832337,13.827116066694204
265.46884,50.875698,10,1.0,4.1832337,14.34165862969299
278.5711,37.246174,10,0.7193693,4.758372,15.074937185924732
66.19056,38.72885,30,0.33167908,4.541609,15.288504188978932
181.44243,36.080097,30,0.4052748,4.541609,15.282415064179144
75.55912,24.436226,10,0.74084276,4.726099,14.62778483952082
89.25608,51.268368,30,0.58043283,4.726099,14.851499845056455
191.3058,29.304447,30,0.4219196,4.835017,15.57416391090965
161.65553,34.962498,30,0.511121,4.835017,15.359984715420364
123.08489,42.591892,30,0.4130168,4.835017,14.855670966815053
74.00452,37.36827,60,0.22891073,4.2639217,15.463144105361996
110.85473,40.825523,30,0.28373322,4.2639217,15.259236432108985
189.31538,48.539936,30,0.55427706,4.625964,14.395683079918784
190.68237,30.669516,10,0.69601125,4.625964,14.88959845157383
169.73552,39.439106,10,0.6463281,4.625964,14.735716343327573
149.75732,51.04108,30,0.25577652,4.625964,14.169182136436923
164.44841,45.706734,30,0.21676268,4.625964,14.266958484752434
122.89996,50.702953,10,0.52666134,4.625964,14.167220528822542
126.541756,54.726925,10,0.6071964,4.625964,13.72994691787823
119.87079,40.20005,10,0.8118741,4.625964,14.12987434895672
121.95265,36.282913,10,0.6871249,4.625964,14.277898242214794
124.27783,37.812836,10,0.6439791,4.625964,14.635285261864714
213.23589,36.33215,10,0.70004725,4.625964,14.08957449606039
186.8663,37.46372,10,0.85478246,4.5826526,14.520664775271804
106.09157,43.05922,30,0.49751964,4.5826526,14.169188444265329
105.33259,47.77686,30,0.47559592,4.625964,14.335919921129143
184.75787,47.844643,10,0.7646272,4.5826526,14.257116044285809
166.76384,52.011574,10,0.77998954,4.5826526,14.305258210455142
188.87411,43.5392,10,0.736295,4.5826526,14.70988038417931
186.45824,44.347214,10,0.80505323,4.5826526,14.70289481106565
177.29962,49.40231,10,0.74130213,4.5826526,14.769665139205246
163.4863,35.34186,10,0.8210156,4.5826526,14.686092859963226
123.27463,37.49251,10,0.5707121,4.5826526,14.85465440396893
86.185684,44.226604,10,0.8191866,4.5826526,14.997402116987528
118.67142,41.258175,10,0.39220095,4.5826526,14.641877249600975
61.097305,18.517046,30,0.54029256,4.5826526,15.559114683606309
107.572,45.53242,10,0.7668394,4.5826526,14.485302955527064
124.48723,38.67705,30,0.49500865,4.5826526,14.535802395298443
75.30716,50.489147,10,0.74210745,4.5826526,14.00557760666042
38.963963,36.079735,10,0.77694684,4.5826526,14.578005840018038
42.02433,46.877037,10,0.6899214,4.5826526,14.347309155961064
187.651,43.939716,10,0.8076403,4.5826526,14.589739223000208
126.091484,55.015224,30,0.43299744,4.5826526,14.2539515825639
177.68428,24.400375,10,0.8309403,4.5826526,15.441241663264584
172.82935,16.36629,10,0.7954994,4.5826526,14.657093729174674
180.0,54.93157,10,0.83737797,4.5826526,13.825791576101958
163.9945,51.63001,30,0.46712625,4.5826526,14.155900968604126
189.77638,37.075073,10,0.7689811,4.5826526,14.738573738987611
210.74951,48.018085,30,0.544735,4.5826526,13.976089690364123
127.305695,49.605362,30,0.51326567,4.5826526,14.133353230445724
94.04133,42.57581,30,0.36,4.5826526,14.441406429344328
80.75987,35.21024,30,0.5470427,4.5826526,14.79470078640122
133.92253,48.242844,30,0.5754292,4.772528,14.712967097393374
210.26405,31.73634,10,0.78999835,4.772528,14.91905862439984
142.94258,53.24225,60,0.32385215,4.772528,14.513630557964058
148.9819,56.831425,60,0.41116324,4.772528,14.193329606026111
269.4502,59.341415,10,0.76630604,4.835017,14.12876621311121
205.66989,30.6549,60,0.12797375,4.835017,15.009221931012158
229.38211,40.21217,10,0.82976836,4.772528,14.805709270017404
235.08147,43.87612,10,0.76460916,4.772528,14.7047802063656
210.87596,34.17593,10,0.8422335,4.835017,15.160255636498531
227.06383,42.824467,10,0.71750283,4.835017,14.72055703445668
117.55111,42.30022,30,0.3047163,4.835017,14.082246029152072
54.76561,33.956787,10,0.81894034,4.835017,14.821239981164352
45.62637,43.502373,10,0.8018979,4.835017,14.201135486617304
48.556965,45.078815,10,0.8162626,4.772528,14.325424123796104
43.49843,39.546032,10,0.8678759,4.772528,14.533215039344697
205.15111,36.249413,30,0.7717971,4.5826526,14.59737557924193
193.33363,35.578323,30,0.51144606,4.5826526,14.886240250251364
128.87924,28.439346,10,0.7476768,4.772528,15.174784679666043
112.1748,27.233469,10,0.7155546,4.772528,15.186480241537586
265.07596,56.463276,30,0.64883536,4.772528,14.128750252520598
212.90944,53.46578,30,0.32870343,4.772528,14.03678421673472
229.07782,53.154076,10,0.5695546,4.772528,14.04197757931469
100.71375,46.258392,30,0.41186723,4.772528,14.51558934108822
195.3219,46.14062,10,0.6917348,4.772528,14.641150598925108
153.47551,46.86813,30,0.39978728,4.758372,14.359293290140632
171.11938,25.414322,30,0.73714477,4.772528,15.585131388482454
120.16984,41.01278,30,0.482398,4.772528,14.46870719943893
146.23474,49.906517,10,0.5825179,4.772528,14.74551366588332
130.1749,58.875347,30,0.5150966,4.772528,14.16877654574379
82.95541,42.736248,10,0.59165066,4.772528,14.969656986439672
255.37329,39.806545,10,0.804673,4.5957475,14.901392630897746
272.2478,39.538235,10,0.8283762,4.5957475,14.87570077807069
313.829,30.301535,10,0.84596866,4.5957475,15.119921760538263
267.02606,43.10792,10,0.650325,4.5957475,14.7641654977226
248.33406,38.281624,30,0.80361277,4.758372,14.948327137143425
237.21036,38.905704,30,0.6135537,4.758372,15.16327583431
196.32777,44.372963,10,0.68254375,4.772528,14.618313429669724
221.1663,50.790154,60,0.6023717,4.772528,14.377067601530982
218.845,43.08505,10,0.4833728,4.758372,14.718995469787862
216.71468,39.622852,10,0.5525004,4.758372,14.721472898524889
178.33656,51.63297,10,0.6963945,4.758372,14.345563770366995
227.52058,33.868298,30,0.2907872,4.772528,14.824964013779312
146.9683,46.196606,30,0.22797245,4.758372,14.535548162205652
192.31659,53.977337,30,0.5563632,4.758372,14.99624166175033
156.56464,55.01787,30,0.34250635,4.758372,14.75318960073549
164.18791,25.224333,30,0.47470066,4.758372,15.523970349662774
134.88206,45.267185,30,0.4187962,4.758372,14.912507873096889
62.768234,36.608562,60,0.36798957,4.2570543,15.368190141539149
167.82417,46.213947,30,0.29801044,4.635934,14.922802205887956
133.76176,31.320879,30,0.49323785,5.202863,14.504223977634542
140.10088,25.887829,60,0.25813147,5.202863,14.916478058611055
159.34047,22.548569,30,0.4507993,5.202863,14.89101815285275
184.70296,41.775536,60,0.21990258,5.202863,14.105199488978146
350.52634,45.031715,10,0.70893294,5.202863,13.89263980890482
33.301167,30.981052,10,0.712984,5.202863,14.584907090247906
23.174408,33.084953,10,0.78517395,5.202863,15.034953833252391
11.037406,25.561445,10,0.73808277,5.202863,14.48533790235178
147.33566,49.08283,30,0.63017446,5.202863,14.7109296822239
133.8202,41.618317,30,0.6051291,5.202863,14.650782059969156
141.33174,40.366173,10,0.6686207,5.202863,14.684538552618868
25.710175,40.17852,10,0.7884008,4.6328516,14.56736349164544
343.49646,35.340446,10,0.74422514,4.586505,13.836044481439068
298.3406,50.83398,10,0.48671025,4.586505,14.328161487284763
3.0835013,34.24986,10,0.6979257,4.586505,14.535971599706327
356.9165,34.24986,10,0.6857143,4.586505,14.33622454545234
281.3985,46.79791,60,0.55872613,4.586505,13.72330972596445
18.481398,36.9063,10,0.67602926,4.586505,14.45327373283105
312.6884,29.81311,10,0.63731825,4.586505,14.373995337968102
13.86459,42.522247,60,0.5818354,4.586505,14.428854891340732
3.6985564,29.585938,10,0.5889764,4.586505,14.815904059362166
350.23273,37.07432,10,0.47319657,4.586505,14.644891427868814
340.34192,33.152813,10,0.6424581,4.586505,14.573131034031633
25.676262,35.695484,10,0.64021665,4.586505,14.785351535005072
331.10983,37.16353,10,0.6644697,4.586505,14.614382192488351
36.025055,29.267809,30,0.33739132,4.586505,14.948425440207926
2.1594589,25.918743,60,0.32019705,4.586505,15.054509991426713
16.858353,43.447433,10,0.6971882,4.586505,14.12009076486115
22.625198,33.680378,60,0.57022,4.586505,14.451616249642974
353.27954,38.03923,10,0.71086675,4.586505,14.27264927400632
17.497873,45.99535,10,0.49659863,4.586505,14.4603950268821
357.60092,23.627129,60,0.09520654,4.586505,15.156100988611392
24.019285,30.320738,30,0.53495216,4.586505,14.795385510891563
30.725195,48.010895,60,0.3840739,4.586505,14.308135717864788
327.27106,40.254032,30,0.5718182,4.586505,14.32439886466884
19.190533,33.761517,10,0.50650346,4.586505,14.3962498632611
340.20773,37.12497,30,0.6706444,4.586505,14.939081981197956
353.2099,31.777401,10,0.7904915,4.586505,15.062521187252642
-0.0,40.089466,10,0.7196893,4.586505,14.655668752740098
31.496264,42.341846,60,0.19941205,4.586505,14.443981140883215
31.93547,43.06591,60,0.46145833,4.586505,14.308395456566892
353.79187,40.255577,10,0.6876694,4.586505,14.09022149170321
244.25693,33.856167,10,0.833607,4.586505,14.675466735139514
252.47815,38.886646,10,0.79063547,4.586505,14.44920177951442
87.02295,43.077972,30,0.51000327,4.586505,14.60690489185902
182.81607,48.19663,30,0.3979239,5.202863,14.220774393037155
209.1667,54.275158,30,0.5028587,5.202863,14.250702752125685
190.6779,49.86476,30,0.25984752,5.202863,14.0122509365492
188.21812,37.55017,30,0.52492213,5.202863,14.572987487164443
200.66376,37.902,60,0.117232546,5.202863,14.95632788271073
195.79208,45.26701,30,0.48224044,5.202863,14.100457508802904
157.47076,46.438393,10,0.3706701,4.586505,14.145093438055843
162.38225,44.071705,60,0.27663305,4.586505,14.053888169657307
194.9065,40.50816,30,0.4942623,4.586505,13.975059081238678
129.80766,39.84179,30,0.4945935,4.586505,14.472526985101569
139.16513,57.010372,60,0.39789304,4.586505,13.65629751097413
160.99747,38.222412,30,0.18888618,4.4041653,14.554152005930211
157.37016,33.68127,60,0.30507764,4.4041653,14.416791442287805
196.94188,41.346268,10,0.5222729,4.4041653,14.682562777928654
178.70369,38.993484,30,0.2875564,5.202863,14.872558660017836
188.57861,36.378765,60,0.49459264,5.202863,14.855291352055389
228.52684,45.75203,30,0.30183727,5.202863,14.064064090063855
228.527,26.052124,10,0.63285667,5.202863,15.052804113038688
135.42154,35.16537,30,0.41881487,5.202863,14.035700356358914
157.26498,25.355808,30,0.3948052,5.202863,15.0516745859113
164.76395,42.176067,30,0.5944294,5.202863,14.780518846506842
161.59505,41.025948,10,0.46414158,5.202863,15.137815851637717
199.19272,41.710762,10,0.40435356,4.586505,14.73862047132086
178.30956,61.766853,30,0.22849542,4.586505,13.764190998993568
257.54138,39.536015,10,0.47632313,4.4041653,14.743648136883946
312.15512,63.73053,10,0.6706337,4.4041653,14.313833699764931
242.72713,36.570362,10,0.62234956,4.4041653,14.8897868762732
239.90616,52.246605,30,0.49130833,4.4041653,14.38058254417301
245.05386,49.026108,30,0.3341108,4.4041653,14.442232394136186
232.60384,40.462128,60,0.13709924,4.586505,14.816461437058418
218.81702,43.07381,10,0.50549775,4.586505,14.89934787088346
193.81737,37.482002,60,0.11772316,4.586505,15.05102601306996
265.6047,40.194553,10,0.73739356,4.586505,14.867786741670525
224.70871,36.08751,30,0.39053482,4.586505,14.958865613470511
237.72987,53.76074,30,0.46454266,4.586505,14.204417926267988
261.4429,41.034367,10,0.7728843,4.586505,14.60561126805409
217.68803,39.986233,30,0.74768895,4.586505,14.44371720487204
213.83725,57.64663,30,0.46987316,4.586505,13.72062927228326
215.41795,34.808037,60,0.30789614,4.586505,14.30694385784367
182.55707,50.92271,60,0.20878136,4.586505,13.752890000122555
249.16444,54.67126,60,0.33333334,4.586505,13.81219191061876
227.40817,31.877373,30,0.51448363,4.586505,13.809992421911303
202.07478,42.79413,60,0.31351003,4.586505,14.87274288421376
196.11008,38.37654,30,0.46347097,4.586505,14.64086689186902
258.02164,54.538708,10,0.399978,4.586505,14.246151362132002
220.0061,33.230385,30,0.6951673,4.586505,15.038558111549916
220.04079,36.50327,30,0.3914819,4.586505,15.28468829305853
155.65475,23.950445,30,0.37906137,4.586505,15.423815558449428
161.65689,44.687492,30,0.5264256,4.586505,15.485725688991868
239.77287,42.999405,30,0.5129274,4.215698,14.870505576837976
171.6955,26.891321,30,0.56524545,4.586505,15.40429432781235
224.44275,34.223763,10,0.5594486,4.4041653,14.89821923867548
272.46823,36.93488,10,0.63349026,4.4041653,15.242752555221204
209.50208,42.921917,30,0.51709986,4.4041653,15.2497137944951
204.06102,33.966938,10,0.7112513,4.607892,14.691969592234654
198.13039,32.91384,10,0.80975246,4.607892,14.737814282637116
164.72841,25.948904,10,0.7203431,4.607892,14.946636128568386
189.3671,38.22092,10,0.6555055,4.607892,14.6339661405683
220.80199,39.0982,10,0.81265914,4.607892,14.492654233078357
193.94456,34.366356,10,0.74833,4.607892,14.652632367065015
81.39275,32.982765,30,0.43000987,4.90307,14.833744001634845
104.25103,54.08972,30,0.5065094,4.90307,14.469433202570867
148.9817,42.78587,30,0.45196468,4.772528,14.457226377308066
89.14312,47.267197,30,0.4585275,4.772528,14.637710229516005
178.45438,34.220943,30,0.39387268,4.772528,14.850908547691423
44.57691,46.271137,30,0.6920583,4.772528,14.6502833318515
194.5663,45.574215,10,0.667146,4.5957475,14.55925316402078
203.15773,38.38935,10,0.74242425,4.5957475,14.943893004648707
185.87674,35.60361,10,0.74398816,4.5957475,15.033029304616566
64.18529,32.291,30,0.33169958,4.1764784,15.496037503617256
219.54797,28.626867,10,0.6759026,4.136266,14.43224832555138
211.64719,22.701517,30,0.489815,4.136266,13.925747686369167
206.78802,40.440735,30,0.45369393,4.136266,13.987868416564275
217.57216,43.828705,30,0.4152137,4.136266,14.240632932915256
235.75652,40.794987,30,0.60613286,4.263062,13.818669941452931
226.86511,40.44225,10,0.5125704,4.263062,13.780837159243456
334.15787,26.730757,10,0.5379291,4.263062,14.5881205378531
144.03903,44.998985,30,0.39716023,4.4309444,14.987952292565272
132.30527,57.39354,60,0.11482837,4.4309444,14.910746599122554
129.63077,49.417473,30,0.26235613,4.4309444,14.968649099322787
135.23016,42.366756,30,0.2288367,4.4309444,15.516874867350648
319.07562,20.012407,60,0.18562551,4.129517,15.23328416969986
112.35214,55.35676,10,0.48051947,4.568584,15.258055963405166
137.1765,13.646114,30,0.5649976,4.568584,14.937097875298583
87.30432,54.007683,30,0.3822935,4.568584,14.645754456113814
135.96255,61.561115,30,0.4110047,4.568584,14.334251715943376
90.0,32.692142,30,0.44213703,4.568584,14.791205215833498
184.68044,53.43214,60,0.16157445,4.568584,14.489864128470298
144.3484,30.86449,60,0.407676,4.568584,15.209071868197183
184.97891,40.196217,10,0.63482535,4.568584,14.966316294438665
226.98608,53.0376,10,0.6398942,4.568584,14.549670510467964
148.61078,44.59837,30,0.43580562,4.568584,15.091695910458508
229.47276,37.67742,30,0.45147678,4.90307,15.004597553984857
196.13605,38.380196,10,0.5276034,4.90307,15.22166283091761
108.87997,30.97694,10,0.78732306,4.625964,14.466719866062911
79.472115,35.327858,10,0.83504015,4.835017,14.468500673119271
114.492714,31.994787,10,0.79759973,4.835017,15.0529769448369
105.68752,39.968147,10,0.8040254,4.835017,14.84640529746723
116.84322,57.02809,10,0.7000417,4.835017,14.581214192614263
128.82687,58.00721,30,0.41234127,4.835017,14.415293645944198
126.63859,40.95887,10,0.8129918,4.5826526,14.50216333705932
86.01165,34.923252,60,0.39183673,4.5826526,14.703964098462292
150.89432,47.54713,10,0.41390964,4.835017,14.442464147019908
134.64365,56.66658,10,0.746232,4.835017,14.826163084776972
135.6323,26.481478,60,0.3666341,4.835017,15.540315649320668
123.51221,23.739595,30,0.7686932,4.835017,15.036853887109162
228.555,35.345715,10,0.7712889,4.772528,14.853643233735228
241.48164,53.596897,10,0.46185163,4.772528,14.294088260802814
118.69384,46.265484,10,0.87262946,4.835017,14.490763762463812
59.52075,24.075098,10,0.8598563,4.835017,15.321439387966011
130.79263,47.471355,60,0.12153993,4.835017,14.992623386823547
131.42543,38.916595,30,0.27257034,4.835017,15.385957489702106
203.41446,50.183758,10,0.6426609,4.758372,14.484599856229302
233.99565,37.633923,10,0.6182411,4.758372,15.204829160112576
78.40376,38.84475,30,0.68415636,4.772528,15.091764756400371
88.55578,52.099968,30,0.491158,4.772528,14.648181774171976
317.42343,39.124023,10,0.78028595,4.758372,14.959174829550788
117.62572,48.16679,10,0.6857264,4.5461755,14.614810240449838
121.93981,47.766895,10,0.8359655,4.987441,14.528754564226157
131.44963,43.6429,10,0.81139976,4.987441,14.664650404595486
145.60226,40.150555,10,0.615041,4.987441,14.683304384115573
133.86282,40.838963,10,0.81669146,4.987441,14.743382319651234
157.45059,46.442574,10,0.71999377,4.726099,14.794467242086654
176.33234,40.686066,10,0.7396016,4.835017,14.988237236265492
182.447,40.653835,30,0.42798996,4.835017,15.024308505980294
245.66411,39.520382,10,0.7290651,4.726099,15.085899444871345
90.0,57.931904,60,0.27303588,4.726099,14.582593436796966
77.216866,52.788517,30,0.29803205,4.309736,14.688585565617494
284.67786,50.51719,30,0.31121808,4.347579,14.306024862958624
80.13099,52.900276,30,0.35781112,4.309736,15.408605268103472
221.84818,43.05875,30,0.62312204,4.726099,15.13597762974054
208.34013,49.20477,30,0.67474,4.726099,15.26624877013043
213.38458,46.836853,30,0.38876423,4.726099,14.788938792166809
207.43607,41.201576,10,0.84255797,4.726099,14.814290703312574
208.34038,37.6851,10,0.7774455,4.726099,14.961983436525244
183.16243,33.61242,10,0.7951513,4.726099,15.446129131491688
182.02715,27.3992,10,0.72225994,4.726099,15.5172507225552
185.39172,37.970833,30,0.5366066,4.726099,14.7070731357107
178.84145,42.198612,30,0.52039814,4.726099,14.830006382810245
175.95128,46.085,30,0.2915057,4.541609,14.656211246718126
168.24637,39.01399,60,0.35580912,4.541609,15.202666997240447
189.38078,38.22202,30,0.3543338,4.541609,15.12957743392144
147.99422,28.968683,10,0.28883773,4.541609,15.479082861654112
184.6261,48.664318,30,0.43734115,4.541609,15.035599301539625
153.63661,40.93203,10,0.45217827,4.541609,14.883790967693471
175.30717,48.25782,30,0.4787695,4.541609,14.754071897375756
124.567535,42.395706,30,0.58468086,4.726099,14.91844189126294
122.58971,32.25758,10,0.6416769,4.726099,15.157668748118333
139.05403,45.207745,10,0.7982192,4.726099,14.802127000179992
91.827576,56.706886,60,0.30511945,4.541609,15.05241711920622
87.80196,40.168846,60,0.13770033,4.541609,15.170628648507448
182.70236,21.253,30,0.28335136,4.541609,15.358424672658243
105.68652,39.969902,30,0.6311546,4.726099,14.794579283824556
127.98175,31.173624,10,0.6718075,4.726099,15.11004960998078
321.01703,23.620714,10,0.70511293,4.726099,15.62500711483305
107.389275,30.786964,10,0.7937551,4.541609,15.201814957861949
346.7181,21.761097,30,0.6695563,4.541609,15.38601895164068
84.69249,19.29013,30,0.4379797,4.541609,15.133998752139348
46.556595,46.007725,60,0.3513773,4.541609,14.994512851314552
150.45721,40.560787,60,0.0911641,4.169458,15.630207511574431
33.889828,27.767681,60,0.060841598,4.169458,15.70491058378994
169.91756,39.980698,30,0.1999396,4.169458,15.59474080348628
173.89612,40.789055,60,0.19103734,4.169458,15.428411454898985
50.682194,33.59404,60,0.025536692,4.309736,15.507132325061
90.0,46.292274,60,0.11875864,4.309736,15.35507331468791
120.10144,36.58879,60,0.15812995,4.309736,15.11841528130571
219.44403,42.68614,10,0.55576384,4.215698,14.59220507522542
194.36575,41.52953,30,0.28589422,4.215698,14.94723542242231
185.17094,39.100624,30,0.32518494,4.215698,14.937152369840607
106.95269,29.037737,10,0.7045363,4.586505,15.274313873898803
282.45813,34.032967,30,0.53589165,4.4041653,14.653837883447274
286.92014,49.43188,10,0.5385634,4.4041653,14.152205135789242
296.71143,55.891758,10,0.44923076,4.4041653,13.85323338697166
297.7643,44.215935,10,0.5772595,4.4041653,14.347596118436991
341.58984,55.41105,60,0.5196172,4.4041653,13.892425146924062
276.87216,39.06714,30,0.39430362,4.4041653,14.068810563650366
255.4283,43.98322,10,0.6922834,4.586505,14.462502825291333
