Aspect,DEM,Slope,LULC,NDVI,Rainfall,TWI,River,Road
152.73079,1493,55.198463,30,0.662063,4.696327,13.656511977832,1380.0,123.69316876852982
315.88605,1724,38.27856,10,0.64531434,4.586505,14.396695358888715,657.9513659838393,666.1080993352356
138.70737,1626,61.363068,60,0.43183094,4.696327,13.776602978642284,1920.0,60.0
155.45984,1942,45.407505,10,0.70581937,4.4527707,14.40572178276577,2430.0,0.0
169.32094,1457,30.66924,10,0.6223297,4.696327,14.71317989545308,2040.0,42.42640687119285
24.023,1387,30.32146,10,0.30490994,4.696327,14.36327531228753,2160.0,67.0820393249937
224.31703,1104,44.87066,30,0.26266852,4.9416623,14.293348512791944,108.16653826391968,60.0
36.207474,1841,34.29834,10,0.8132523,4.696327,14.807072980342427,3595.6223383442257,192.09372712298543
1.296304,1478,38.993484,10,0.71778685,4.696327,14.42891158023864,2700.0,300.0
204.8379,1733,38.127014,60,0.49759257,4.77441,14.605301390342758,1655.1737068960467,30.0
180.0,2260,51.260864,30,0.6150126,4.772528,14.409385566456674,4420.599506854245,722.4956747275378
124.50311,1808,38.665775,30,0.3519225,4.4041653,14.738958550873862,930.0,218.40329667841556
240.85355,1881,21.744164,10,0.8467618,4.772528,15.36625579238838,2903.962809679215,0.0
278.78183,1957,36.58301,10,0.097814776,4.772528,14.932017871047655,5356.491388959755,933.3809511662428
133.63576,1980,62.814762,30,0.38868323,4.383127,14.001926026073791,8109.383453752819,335.4101966249685
333.37643,2482,47.844563,10,0.7416717,4.758372,14.825803092513476,5589.749547162199,510.8815909777921
124.60347,2091,48.02769,30,0.83489096,4.383127,14.630927400892922,8147.913843432562,234.30749027719963
113.85827,2041,40.045513,10,0.5462857,4.383127,14.522993134493309,8246.453783293762,268.3281572999748
227.08043,2129,44.26407,30,0.4045847,4.383127,14.629368609289449,8727.319176012757,108.16653826391968
139.20049,1205,49.62716,30,0.36764705,5.2163897,13.844866607213996,4200.0,108.16653826391968
144.3475,1055,46.0111,30,0.5238923,5.2163897,13.66580463548293,2700.0,84.8528137423857
177.91158,1846,26.663717,30,0.26658696,5.2163897,14.923754110794878,2580.0,0.0
181.2698,1918,39.549183,10,0.33682588,5.2163897,14.483614829536911,2610.0,30.0
157.65363,1873,37.599663,10,0.5569834,5.2163897,14.860761559318876,3180.0,120.0
177.46161,2009,39.56989,30,0.31655315,5.2163897,14.527457829717052,2880.0,60.0
174.46548,1950,29.649637,30,0.38674992,5.2163897,14.443335425982449,2940.0,42.42640687119285
162.9772,1879,39.097828,10,0.3125386,5.2163897,14.733217338748265,2910.0,0.0
256.52893,1850,42.09333,10,0.68897957,4.9416623,14.52745590334147,4262.640027025505,30.0
-0.0,1838,45.56248,10,0.5804878,4.9416623,14.40447530470612,3536.43888678993,30.0
339.6214,1753,50.40018,10,0.579288,4.9416623,14.204625960830525,3169.511003293726,108.16653826391968
336.404,1849,57.24698,10,0.48158255,4.9416623,14.088468383916592,3094.802093834111,134.1640786499874
0.8752873,1849,50.14824,10,0.4949644,4.9416623,14.236726072970807,3267.935127875093,180.0
3.6963944,1756,29.585878,10,0.6956688,4.9416623,14.956436829959058,3408.005281686048,94.8683298050514
290.7617,2010,39.419807,10,0.7042017,5.2163897,14.849192164943666,2887.6461001999533,134.1640786499874
250.1058,1891,40.572895,10,0.5022915,5.2163897,14.60390996100854,2520.0,30.0
128.46031,2053,48.871387,30,0.3112155,5.2163897,14.40696665666134,3815.783012698704,90.0
140.69554,1931,50.506207,30,0.66180134,5.2163897,14.282241673028672,3810.0,67.0820393249937
145.0153,1841,39.687,10,0.58882684,5.2163897,14.60786196302852,3690.0,108.16653826391968
199.83904,1926,38.966953,10,0.61162645,5.2163897,14.678652073679896,4470.402666427264,192.09372712298543
153.68016,2376,30.024471,30,0.39957264,4.9416623,15.124146268922068,6931.233656427981,835.7032966310471
160.39682,1777,51.438686,30,0.242223,5.2163897,14.34266380232403,7230.0,42.42640687119285
115.8732,2914,32.236492,30,0.38034606,4.383127,15.346314701365603,9380.218547560606,684.7627326307996
167.57895,2303,51.921494,10,0.43649948,4.9416623,14.220027697101305,6440.01552793159,330.0
210.63445,2228,38.31456,10,0.6010767,4.9416623,14.860747051855904,7704.803696396164,134.1640786499874
132.91621,2617,44.265873,30,0.6213518,4.383127,15.102175687300752,9527.586263057396,424.2640687119285
110.22908,2759,49.48912,30,0.48999014,4.383127,14.68165825294056,9502.615429448884,706.1161377563892
149.9701,2062,41.30869,30,0.1212954,4.5461755,14.672465414070532,6332.771904940206,523.9274758971894
141.115,1975,58.9909,10,0.670936,5.2217073,14.700309292496964,2664.4323973409423,212.1320343559643
154.12279,1779,37.07669,60,0.38504907,5.2217073,14.581070826493123,2608.6203249994046,30.0
56.695744,2176,40.529102,10,0.8159649,4.496347,14.751115243674397,6012.362264534631,174.92855684535903
139.78148,2149,60.389526,10,0.73587126,4.5461755,13.55533567897455,6400.624969485401,488.3646178829912
221.16399,1757,43.41394,50,0.25329223,4.625964,14.438012291831436,3126.0518229869444,30.0
211.4501,1695,35.072224,30,0.3997492,4.625964,14.85918782434238,3194.1195970094795,42.42640687119285
229.78957,1723,28.882471,60,0.46953404,4.625964,14.47382379208665,3166.385952470103,30.0
222.15062,1735,33.226265,60,0.14830177,4.548963,14.633031452336906,3233.465633032149,0.0
206.07224,1856,33.695385,60,0.4536817,4.625964,14.73518353581832,3061.3232433050907,0.0
156.13759,1004,22.152197,10,0.50554067,4.549546,14.702561471198994,1455.2319402761884,94.8683298050514
276.8737,1898,22.086023,10,0.4676282,4.607892,15.108600994592177,6600.0,0.0
59.802982,1896,40.98964,10,0.77272725,4.496347,14.153043376308135,2546.2914208707534,534.1348144429458
78.40663,1856,46.319546,10,0.6429624,4.496347,14.227303792643204,2414.953415699773,480.0
117.852234,1661,59.50204,10,0.60140824,4.804811,13.765828359640093,6039.246641759219,381.8376618407357
220.89896,1663,45.18737,60,0.3794991,4.804811,14.392601791906094,7432.738391736924,60.0
143.97551,1784,40.051987,10,0.66550255,4.607892,14.56968934533984,6870.0,300.0
169.83014,1845,53.442406,10,0.5423411,4.496347,14.274720049355242,3074.6707140765498,120.0
150.49951,2035,44.043415,10,0.44874564,4.496347,14.657032756608965,4666.2297414508,30.0
207.49782,2075,42.379574,10,0.48710683,4.496347,14.811795946434906,5272.665360138077,30.0
175.37909,2065,34.298035,30,0.37448558,4.496347,14.920235493421464,5168.713573027625,30.0
189.8625,1247,32.651463,10,0.5709545,4.3611135,14.58985148553772,3750.0,90.0
24.61782,965,33.378128,10,0.6037028,4.549546,14.055150201790727,607.4537019394976,42.42640687119285
335.2753,921,25.695961,30,0.25410733,4.463525,14.497214309943368,1056.834897228512,30.0
355.46735,2093,42.787277,10,0.7489481,4.780184,14.635793007729427,7530.239040030536,305.9411708155671
244.11249,1972,32.223183,10,0.8453691,4.780184,14.743881390699624,4591.666364186318,465.7252408878008
342.68628,1470,26.184528,30,0.6819299,4.136266,15.195537349225935,3228.451641267064,30.0
228.48953,2554,33.403748,30,0.36915886,4.780184,15.171569927685512,6576.640479758644,127.27922061357854
324.84006,1864,56.73927,10,0.74913293,4.780184,14.020918354738166,4458.004037683232,432.6661530556787
310.87106,1889,47.42614,10,0.76985943,4.780184,14.505322020737248,4476.438316340347,324.4996147917591
294.97552,1694,20.97615,10,0.7174178,4.780184,14.84985759263358,4286.9569626951,342.05262752974136
225.76746,1718,45.59697,10,0.5786133,4.780184,14.440242000563872,4522.4440295044005,0.0
267.54794,2427,48.620514,10,0.70505923,4.780184,14.569866759917844,5410.40663906143,94.8683298050514
220.0081,2545,36.490147,30,0.46329114,4.780184,14.922001582086375,6491.794821156935,134.1640786499874
242.2768,1589,33.47071,30,0.45232558,4.780184,14.730008835428618,5144.015940877322,0.0
333.93628,1423,33.69346,10,0.66684824,4.607892,14.39241236581892,5028.021479667723,361.2478373637689
206.83966,1594,40.453617,30,0.6015276,4.772528,14.443658018918962,2078.6774641584007,30.0
351.3099,1493,31.21181,10,0.59922296,4.607892,14.909240132310549,5478.923251880793,301.4962686336267
178.67607,1902,38.428925,10,0.72452444,4.726099,14.653859274869486,5765.0758884857705,90.0
169.31349,2544,41.655262,60,0.45351008,4.8086514,14.922236940646174,4067.849554740195,60.0
170.50621,1770,41.54988,30,0.56142586,4.343434,14.85008647144395,9439.899363870358,108.16653826391968
149.9007,1868,34.69481,10,0.62139916,4.343434,14.089627280377904,9503.5151391472,152.97058540778357
78.769905,1676,47.217735,30,0.40202966,4.343434,14.618068232376013,10352.391028163493,30.0
200.61995,1802,43.04464,10,0.5345364,4.343434,14.47658149618806,9192.39359470644,0.0
186.28462,1892,33.731483,30,0.45217144,4.343434,14.685372680283532,9277.181684110752,42.42640687119285
275.3829,1970,40.787045,10,0.65495527,4.343434,14.641499456979872,10937.664284480485,241.86773244895647
34.5492,1556,63.032845,10,0.8174827,4.343434,13.559051177168923,7464.274914551313,42.42640687119285
322.6664,920,39.157925,10,0.6582998,4.7094727,13.923590381132868,330.0,134.1640786499874
341.6597,2632,63.183746,30,0.7197197,4.586505,14.887092413161827,4863.424719269335,902.4965373894794
353.7537,2613,45.274715,30,0.6587473,4.586505,14.775508765486816,5561.906148075496,937.709976485267
342.51462,1699,45.993385,10,0.26435572,4.674496,14.548020065258797,9510.0,0.0
321.8207,1520,25.344088,10,0.8143041,4.674496,14.94273490464005,8550.0,313.20919526731655
8.990274,1676,39.3331,10,0.87663215,4.674496,14.364426292253668,9735.91290018558,436.8065933568311
22.769787,1753,50.863895,10,0.7979452,4.674496,14.411726144408208,9519.600831967691,591.6924876994806
77.63669,1744,63.900887,10,0.82122904,4.674496,14.947485806506316,9277.812242118289,570.0
21.890879,1728,38.133884,10,0.85827667,4.674496,14.582215678997132,9211.51453345214,420.0
36.464634,1378,27.624834,10,0.7637199,5.2163897,14.716241443615049,7678.417805772228,330.0
1.6185671,1299,32.933926,10,0.8428638,5.2163897,14.683925003238766,7179.031968169525,67.0820393249937
22.970314,1199,22.878057,10,0.7270241,5.2163897,14.028098733662423,6060.297022423902,60.0
16.42872,1244,49.346073,10,0.71161306,5.2163897,14.009129979993542,6000.299992500375,84.8528137423857
0.99621356,1052,46.461533,10,0.6825667,5.2163897,13.82121806555183,2534.4230112591704,42.42640687119285
341.9418,1118,41.5209,10,0.77074546,5.2163897,13.878762736203186,2740.5291459862274,152.97058540778357
325.50958,1103,45.047066,10,0.70566595,5.2163897,13.757951875632576,2710.645679538364,161.55494421403512
312.8578,1082,45.66163,10,0.75972223,5.2163897,13.76492551816114,4053.9980266398743,189.7366596101028
191.87427,1641,49.185577,30,0.4994614,4.987441,14.254642076349755,3328.2427796060792,30.0
171.47755,1853,48.062683,30,0.56497693,4.987441,14.262484628649458,3360.2678464670043,228.4731931759173
21.747799,1387,30.649303,10,0.33676755,5.2163897,14.94371064179992,3572.394155185007,30.0
25.5573,1090,25.010464,10,0.79735905,5.2163897,14.39491420127025,4350.930934868997,90.0
19.053299,1097,31.655348,10,0.8296296,5.2163897,14.39528056352951,4381.643527262344,123.69316876852982
23.801756,1118,35.95696,10,0.70611656,5.2163897,14.255419823191588,4682.403229112161,174.92855684535903
181.13527,1933,42.703423,10,0.5799868,4.370652,14.687017460217875,6881.780292918395,30.0
246.12318,1967,34.210606,30,0.16989419,4.370652,14.83472677236529,7302.08874227094,0.0
256.018,1979,31.089102,30,0.43267503,4.370652,15.066837262362451,7386.155969108694,30.0
343.4397,800,32.690525,10,0.38373643,4.7094727,13.992253302243816,0.0,30.0
261.1315,1066,32.211266,10,0.6291313,4.586505,14.515459131445748,0.0,84.8528137423857
279.8762,2403,48.556446,30,0.36433837,4.780184,14.604459047890815,5414.397473403666,0.0
251.00247,1477,19.19274,10,0.7933475,4.370652,15.148137486829055,5736.906832082947,722.4956747275378
205.83067,1648,14.1325035,30,0.6019271,4.370652,15.69239023685778,6891.908298867593,283.0194339616981
241.58572,2540,48.30647,10,0.70286214,4.370652,14.827926204322033,7937.820859656635,218.40329667841556
252.59087,2455,42.60727,10,0.7569328,4.370652,14.800501726373264,8286.301949603332,351.1409973215888
262.58194,2429,51.42537,10,0.65475637,4.370652,14.440924999593008,8356.440629837563,360.0
190.11111,2269,31.998774,10,0.7441777,4.370652,14.67542252300408,9025.563694307408,192.09372712298543
215.62634,1841,39.232502,30,0.25670296,5.2163897,14.284499255544684,3162.5464423467365,120.0
189.43552,1904,48.1344,30,0.25147527,5.2163897,14.349965983681484,3228.8697712976905,120.0
242.18643,1885,47.083126,30,0.36307564,5.2163897,14.312084894107,3316.051869316884,134.1640786499874
20.227312,2548,38.43477,10,0.77559054,4.780184,14.839663285115147,6078.758096848402,954.829827770373
3.0322597,2194,46.053574,10,0.82510823,5.2163897,14.57616845194276,3949.645553717447,400.24992192379
357.91223,1960,45.12316,10,0.79620034,5.2163897,14.538689077053258,3603.1236448392942,361.2478373637689
327.07388,1973,59.774517,10,0.68701553,5.2163897,14.064541377174145,3208.87830869293,94.8683298050514
311.50314,1499,27.157692,10,0.4519573,5.2163897,14.805248152901951,2621.011255221923,240.0
24.074816,1687,37.3216,10,0.587793,5.2163897,14.770445827053909,2887.8019322661307,30.0
348.91245,1971,58.25942,10,0.8010949,4.780184,14.023181142752538,6915.374176427476,123.69316876852982
37.76158,2231,35.6279,10,0.85515547,4.780184,14.99713198856943,7552.436692882636,127.27922061357854
322.63257,898,37.00244,10,0.6754855,5.3619227,13.971711230284962,60.0,0.0
186.44847,1336,33.089615,30,0.31438348,4.3611135,14.366576465086316,3013.171087077533,0.0
259.96396,1102,39.89602,10,0.7064897,4.263062,14.088466618108235,5092.317743424894,60.0
104.68837,1374,56.869225,10,0.5767801,4.5418735,13.888295132791733,5400.0,94.8683298050514
147.27528,1055,44.460304,30,0.46787903,4.3611135,13.79832510966304,3012.723020790328,30.0
106.43282,1062,53.939762,10,0.7463515,4.263062,14.078901549896932,5509.718686103674,108.16653826391968
114.53734,1135,31.950829,10,0.7301868,4.4971914,13.980012516693384,7940.994899885026,400.24992192379
132.47052,1849,34.809246,10,0.60411114,4.496347,14.707124554989964,5880.0,228.4731931759173
104.57066,1784,17.834545,10,0.819016,4.496347,15.09723980659695,5711.357106677886,30.0
118.91547,1793,26.665186,10,0.7075438,4.496347,15.073819949651304,5580.0,123.69316876852982
175.86871,2271,37.336655,10,0.69491524,4.496347,14.998296277575964,5938.560431619771,60.0
186.09354,2316,40.78851,10,0.7178757,4.496347,14.807842053950043,5624.419970094694,30.0
172.14308,2037,33.821613,30,0.5731629,4.496347,14.793873797467311,5563.281405789213,30.0
151.00351,1958,42.20421,10,0.7007313,4.496347,14.592822948755778,5426.352366000572,60.0
164.20448,1940,31.2003,10,0.69736093,4.496347,15.102296987374476,5418.0531558854245,108.16653826391968
142.97418,1091,38.335915,10,0.48507172,5.103636,14.13768915026156,510.8815909777921,0.0
163.82262,1106,33.31899,30,0.4834244,5.103636,14.206649256085852,782.3042886243179,42.42640687119285
154.1322,1142,32.197067,30,0.4798651,5.103636,14.266166376563955,1472.7525250360293,0.0
165.74924,1190,39.29636,30,0.5966574,5.103636,14.246583549833474,1838.831150486635,30.0
176.84111,1201,33.612328,30,0.38400432,5.103636,14.410125655907564,1931.4502323383847,0.0
171.02898,1200,35.17214,30,0.46890044,5.103636,14.164260737971809,1871.81729877678,30.0
166.73654,1494,38.60063,10,0.5891892,4.607892,14.36042974726038,2400.0,0.0
168.37546,1512,36.023785,30,0.5251054,4.607892,14.505023200231292,2370.0,30.0
181.70549,1591,31.608469,30,0.36541063,4.496347,14.561947230160836,2280.0,60.0
195.00133,1548,32.49057,10,0.55368716,5.2217073,14.701363453385786,1980.0,42.42640687119285
201.31314,1458,26.743933,30,0.54208755,4.607892,14.872321680907296,2100.0,30.0
229.73509,1460,29.944399,10,0.5795574,4.607892,14.743648665073486,2130.0,30.0
229.64078,1472,32.002724,30,0.5366902,4.607892,14.807442653297583,2100.0,0.0
225.0254,1485,30.773,30,0.56526446,4.607892,14.865825448606708,2100.0,30.0
157.43086,1412,40.66206,30,0.4683672,4.607892,14.337990825969433,2340.0,30.0
200.66362,1383,29.723125,30,0.6065999,4.607892,14.775547902552416,2310.0,0.0
181.11755,1320,43.200207,10,0.3503673,4.607892,14.781434083579049,3060.0,60.0
146.35405,1448,33.470295,10,0.8321385,4.607892,14.43086942681408,3180.0,60.0
152.09354,1512,40.726532,10,0.7020535,4.496347,14.503579428219876,3120.0,30.0
73.58483,1496,15.982375,10,0.79868853,4.496347,14.701442457577834,2970.0,201.24611797498108
161.07458,1551,48.478725,30,0.59179103,4.496347,14.0976703656581,2910.0,182.48287590894657
167.5923,1555,30.82438,30,0.49340084,4.496347,14.536750822293772,4260.0,0.0
168.48842,1600,39.556847,30,0.49550542,4.496347,14.331534554242886,4170.0,0.0
148.5503,1479,35.072113,60,0.37927106,4.496347,14.619784362277732,4080.0,30.0
162.26794,1444,38.017544,30,0.56017107,4.496347,14.577528044102465,3900.0,60.0
111.07943,889,37.421097,30,0.25786376,4.647837,13.854492169131047,0.0,0.0
196.50652,1659,35.34086,60,0.44099188,4.496347,14.654264770676994,4950.0,60.0
127.62845,861,42.033817,10,0.71804875,4.647837,13.729272888788756,180.0,0.0
130.08997,1852,26.690228,10,0.64768755,4.607892,14.942965763627026,5430.082872295781,0.0
173.85153,1388,34.365097,10,0.49479368,4.607892,14.40341713167419,4666.904755831214,30.0
173.21016,1304,31.777388,60,0.15751667,4.607892,14.712444698934846,4690.469059699681,120.0
176.40433,1293,30.281048,60,0.4022637,4.607892,14.33650660245384,4596.661832243047,90.0
163.36455,1226,41.8422,10,0.79318637,4.607892,14.048493717639069,3704.119328531413,216.33307652783932
142.9809,1209,40.41519,10,0.37675005,4.607892,13.875591301158853,3797.6966703516487,192.09372712298543
148.06612,1233,43.06542,30,0.30112866,4.607892,14.177498772577062,3896.3059428130127,212.1320343559643
151.63765,1209,38.987556,60,0.13637629,4.607892,13.946687407269978,3832.140394087878,201.24611797498108
196.17085,1038,33.31812,10,0.56225425,4.647837,14.47611148172076,0.0,30.0
146.31456,1226,47.451015,60,0.13637629,4.607892,13.946687407269978,3832.140394087878,201.24611797498108
175.02742,1390,32.362766,30,0.15493791,4.607892,14.657363279128202,5254.112674848151,108.16653826391968
162.62769,1405,38.561478,30,0.18931834,4.607892,14.737105496178462,5536.361621137116,134.1640786499874
235.21764,1982,51.308258,10,0.6068117,4.607892,14.32696121194612,6090.0,210.0
180.0,1891,40.089466,10,0.79389435,4.607892,14.270777523654042,5820.0,90.0
195.30626,2082,46.13848,10,0.39816773,4.607892,14.337539055650772,5460.0,120.0
171.42337,1216,44.486973,10,0.40916222,4.607892,14.252349125675458,3203.825837963106,67.0820393249937
161.11984,963,36.340214,30,0.3472741,5.103636,14.182149723880102,0.0,0.0
188.0482,963,27.61683,30,0.26351467,5.103636,14.357759117597745,0.0,120.0
181.85114,966,29.547504,30,0.26351467,5.103636,14.357759117597745,0.0,120.0
132.51273,1317,33.851475,10,0.5024461,5.103636,14.366030068745031,1950.0,335.4101966249685
165.5332,1349,43.618935,10,0.6536529,5.103636,14.224606945900646,1920.0,379.4733192202056
149.2942,1296,36.983192,30,0.46209264,5.103636,14.541225914350555,1830.0,331.36083051561786
138.74063,1286,46.53755,10,0.5000771,4.607892,14.237752013618916,2010.0,258.0697580112788
133.85771,1112,49.43512,10,0.5621735,4.607892,13.811478651431148,2070.0,150.0
159.34076,1105,39.706665,10,0.465371,4.607892,14.055124688608624,2370.759372015641,108.16653826391968
194.10979,1569,42.02936,60,0.3226014,4.607892,14.611309427635549,5414.065016233181,123.69316876852982
149.08334,1846,43.899506,10,0.6579085,4.607892,14.634234740980771,6450.0,90.0
85.698326,1552,40.802666,10,0.80581325,4.607892,14.965925283973355,4620.0,30.0
67.80852,1549,14.421194,30,0.71860665,4.607892,14.8317362076925,4650.0,0.0
10.39689,1723,31.339142,10,0.7604752,4.496347,14.817020247329168,5340.0,120.0
161.09709,1969,52.439983,30,0.4712684,4.496347,14.478289637989484,3029.257334727441,216.33307652783932
100.98017,1997,37.412365,10,0.7908041,4.607892,14.866645863484328,5701.263017963652,0.0
128.42204,1918,42.35527,10,0.48750666,4.607892,14.743886501744411,5520.0815211371655,30.0
187.39824,1924,44.8778,10,0.53636366,4.496347,14.470377919041368,3594.6209814109748,84.8528137423857
208.68059,1051,29.769567,10,0.5618196,4.647837,14.527833214325316,849.5881355103778,42.42640687119285
118.239204,895,30.182817,30,0.28119293,4.549546,14.261103255435785,210.0,30.0
117.957794,985,31.861624,30,0.52030677,4.549546,14.140627497044385,450.0,0.0
79.96812,813,33.043953,30,0.3195418,4.647837,14.224565909708744,0.0,0.0
55.825783,2757,40.84539,10,0.7128954,4.90307,14.9655034145967,550.7267925205746,952.9428104561156
136.90482,845,32.73625,30,0.65657073,4.647837,14.192089397107818,120.0,0.0
114.77262,869,24.872032,30,0.62401867,4.647837,14.426796642861216,90.0,30.0
290.8913,1140,59.898983,60,0.076358825,5.103636,14.28478284118736,0.0,120.0
185.5355,1250,29.64968,30,0.16035055,4.804811,14.602751165161306,5394.163512538344,0.0
133.52362,1119,34.2817,30,0.33258027,4.647837,14.316906943367115,390.0,0.0
134.21207,901,37.454823,30,0.20847842,4.647837,14.412333384634932,210.0,30.0
153.1683,909,34.58058,30,0.20717782,4.647837,14.279678864556406,240.0,0.0
166.26227,903,31.657413,30,0.49355894,4.647837,14.406799772073269,300.0,42.42640687119285
109.76413,1075,31.895351,30,0.47515678,4.967406,14.224731419405757,870.0,0.0
149.18315,1361,34.159523,30,0.17942558,4.3611135,14.503538285132816,2808.0064102490933,0.0
174.8334,1353,22.114132,30,0.19279785,4.3611135,14.63406409889902,2766.026030246281,0.0
195.18704,1168,39.985844,60,0.2608255,5.103636,14.146923248197108,218.40329667841556,0.0
137.1028,1057,31.745798,30,0.5164491,5.267828,14.17651558640908,60.0,180.0
150.51172,866,32.304913,30,0.43572462,5.267828,14.131548442165393,60.0,94.8683298050514
145.455,851,24.323828,30,0.28174093,5.267828,14.11629743911622,90.0,120.0
129.28026,974,43.411526,10,0.78073645,4.647837,13.67105985099854,30.0,42.42640687119285
131.48409,975,44.34825,10,0.58293104,4.647837,13.800610457448656,0.0,30.0
101.97947,1122,25.076872,10,0.47894052,5.267828,14.742774866924927,450.0,0.0
127.88622,1065,30.110632,60,0.35647044,4.647837,14.31971191668882,150.0,0.0
104.677765,1390,27.071276,10,0.5713023,5.267828,15.085035563835469,1574.3570116082312,0.0
158.61952,1041,24.32239,30,0.17536116,5.267828,14.646257332401516,313.20919526731655,0.0
231.4874,1066,25.076763,30,0.18351594,4.647837,13.986879073802012,323.10988842807024,442.944691807002
199.28993,1374,35.766193,30,0.32124433,4.647837,14.465689568612948,1836.627343801676,201.24611797498108
165.5896,1613,20.188452,30,0.26354843,4.4971914,15.290800483506986,6690.0,67.0820393249937
122.753525,1437,25.581738,10,0.6674795,4.4971914,14.910378656767415,4830.0,201.24611797498108
115.35467,1426,29.554821,30,0.72558594,4.4971914,14.733628296734189,4860.0,216.33307652783932
34.370815,2146,36.695545,10,0.8082759,4.1832337,14.80206158791334,9677.034669773588,986.8130522039116
163.8671,1542,35.92744,60,0.2611593,4.647837,14.423805211192274,3193.133257476111,0.0
113.8626,1210,35.763927,10,0.7834269,4.263062,14.458448184171312,6625.315086846813,30.0
184.2164,1259,36.74716,10,0.53305703,4.3611135,14.317053570380208,6649.586453306702,60.0
120.93605,1335,33.475224,10,0.6257521,4.263062,14.862886325331258,6249.367968042849,123.69316876852982
62.040512,1168,31.86019,30,0.26828578,4.263062,14.30033350421159,7328.171668294896,30.0
118.70526,1273,41.22752,30,0.38130537,4.263062,14.183391157533904,8052.583436388599,30.0
90.0,1245,21.021204,30,0.57464737,4.263062,14.99388811213327,7989.806005154318,90.0
68.96279,1244,24.272774,10,0.65021676,4.263062,14.422231170632594,8030.5915099698595,120.0
95.94156,1348,32.027187,30,0.39178082,4.263062,14.426399353952348,7742.848313120954,30.0
98.16351,1312,34.372025,30,0.2590644,4.263062,14.51011099111763,7785.274561632365,30.0
166.89088,2277,29.471272,10,0.5902644,4.6264033,15.19084363183669,6694.9085131912,60.0
197.37215,2129,38.56145,10,0.6742438,4.6264033,14.799971929021826,6796.506455525515,361.2478373637689
195.78925,2205,36.508472,10,0.5027283,4.6264033,14.745803673551636,6698.805863734222,254.5584412271571
153.0247,2204,36.00061,10,0.56825536,4.6264033,14.91331322701814,6802.264328883434,342.05262752974136
146.01006,1723,45.43302,10,0.678501,4.6264033,14.24971165741236,7174.01561191499,362.4913792078372
108.92508,1770,43.480335,10,0.56432194,4.6042256,14.454982743275314,7546.475998769227,276.5863337187866
153.94006,1764,33.692608,30,0.4803667,4.6042256,14.53632784462554,7597.288990159582,276.5863337187866
144.13293,1391,50.625137,30,0.3603826,4.6042256,13.946407474132052,8404.284621548702,234.30749027719963
109.480316,1467,21.222794,10,0.68999046,4.6042256,14.511964263855493,8294.389670132457,268.3281572999748
87.798096,1502,40.119217,10,0.65801525,4.6042256,14.646689819000402,8316.008658004152,324.4996147917591
87.18731,1556,33.415604,10,0.57592434,4.6042256,14.85484252812353,8318.281072433174,276.5863337187866
91.20623,1537,37.559418,10,0.58608526,4.6042256,14.507746473144042,8338.111296930498,331.36083051561786
70.519226,1561,41.144608,10,0.7598049,4.6042256,14.34612054135906,8468.559499702413,240.0
57.9363,1652,27.401657,10,0.65204,4.6042256,14.933787556482208,8340.053956659993,134.1640786499874
63.729477,1601,41.275455,10,0.7257443,4.6042256,14.4264022441486,8363.276869744299,201.24611797498108
134.50168,1110,34.715805,10,0.65511376,4.6042256,14.57416666419644,8506.309423010664,360.0
230.4633,1364,35.45195,10,0.78957,4.4971914,14.371424068141955,6144.949145436437,234.30749027719963
64.412735,1603,25.978188,10,0.73167896,4.559856,14.872861461534638,3952.9482668003634,67.0820393249937
102.46433,2228,34.019974,10,0.62588567,4.6264033,14.883801134470842,6163.667739260448,30.0
87.335884,1921,34.85855,30,0.7844151,4.559856,14.244146158373468,4391.184350491334,480.936586256442
111.33767,1857,40.207253,10,0.6328424,4.559856,14.782883204445854,4375.0657137921935,349.85711369071805
107.329285,1790,33.110653,10,0.78084385,4.559856,14.83236488364862,4405.916476738977,218.40329667841556
39.676125,1677,32.250546,10,0.5925926,4.559856,14.300965254696012,4236.2719459449245,30.0
61.84992,1654,38.279587,10,0.74711525,4.559856,14.447446466238016,4069.950859654205,0.0
40.06831,1633,39.52125,10,0.74304694,4.559856,14.503050749955005,4035.7527178953865,30.0
52.847588,1620,38.803173,10,0.7346895,4.559856,14.65533131472155,3877.434718986253,0.0
54.12235,1578,13.960384,10,0.70950425,4.559856,15.399727542415429,3854.1536035814656,60.0
90.0,1538,29.58233,30,0.27083334,4.559856,14.459234739670496,3694.996617048519,67.0820393249937
86.1099,1526,25.511095,10,0.73230714,4.559856,14.613991318808086,3691.950703896248,67.0820393249937
61.62075,1612,56.28408,10,0.7151982,4.559856,13.894015752559945,3787.373760272413,30.0
43.213234,1639,52.653122,10,0.6579949,4.559856,14.604818107143512,3479.2240514229607,30.0
249.77782,2008,35.08686,30,0.6882077,4.6264033,14.87034632334738,5217.758139277826,30.0
238.62999,1818,31.878866,10,0.7890068,4.6264033,14.663871015332331,4569.660818922997,67.0820393249937
254.00142,1913,35.176292,60,0.7495679,4.6264033,14.69391622825298,4744.554773632612,84.8528137423857
261.1331,1724,32.215855,10,0.81104255,4.559856,14.828327482322935,4249.847056071548,90.0
277.40714,1626,32.12165,10,0.82607436,4.559856,14.77198458965322,4102.547988750406,60.0
294.5251,1665,31.96288,10,0.7844703,4.559856,14.7531595291625,3984.695722385839,108.16653826391968
10.873988,1530,41.141712,10,0.83321106,4.559856,14.406117659154267,3841.054542700481,241.86773244895647
5.171189,1509,22.114275,10,0.64100885,4.559856,14.599360691944828,3789.5118419131504,228.4731931759173
355.0267,1567,32.362797,10,0.79573077,4.559856,14.532410698729398,3990.451102319135,268.3281572999748
330.50656,1600,40.546986,10,0.79830587,4.6264033,14.44870092816028,4073.156024509741,241.86773244895647
309.12003,1635,30.544647,60,0.63529414,4.6264033,14.122476780972413,4357.441910111941,123.69316876852982
290.74924,1736,34.426075,60,0.37808293,4.6264033,14.799358164001728,4456.691598035475,90.0
356.76254,1228,32.96526,10,0.61096257,4.559856,14.455945374716585,1747.741399635541,536.6563145999496
21.676785,1266,32.80287,30,0.35737827,4.559856,14.741974157667284,1634.6559270990333,510.8815909777921
217.57117,1178,45.60055,10,0.71411324,4.559856,13.837466488498528,1224.13234578619,442.944691807002
194.46776,1465,43.61906,10,0.71607447,4.559856,14.34923829360426,2490.180716333656,268.3281572999748
196.93933,1789,41.345886,60,0.45021185,4.6264033,14.345652741211635,4373.934155883007,60.0
214.94572,1025,33.879387,30,0.43409917,4.559856,14.241640416667584,60.0,30.0
213.30219,1015,30.981346,60,0.5038435,4.559856,13.96303567616645,90.0,0.0
230.98692,1870,29.498499,30,0.6289655,4.548963,14.88323108148604,3676.193683689693,30.0
221.47505,1845,34.659008,10,0.5763878,4.548963,14.753332998833988,3662.703919237808,60.0
241.85524,1822,38.28442,30,0.6063794,4.6264033,14.921631244638723,4173.559631777172,192.09372712298543
220.03818,2056,36.50222,10,0.66441005,4.6264033,14.695634613895711,7379.329237810169,258.0697580112788
160.10596,1866,40.7204,10,0.45146236,4.4971914,14.59533677896918,6576.229922987791,90.0
175.11754,1553,40.730965,10,0.6702017,4.496347,14.260087937495122,4092.0043988246152,432.6661530556787
175.82326,2264,26.709585,60,0.36715645,4.987441,15.179497700308012,2718.602582210206,30.0
174.12485,2221,35.603535,60,0.5628526,4.987441,14.948897628722426,2623.9283526803856,0.0
151.2434,1637,31.355886,30,0.69747686,5.2217073,14.850647997039678,2663.080922540658,228.4731931759173
206.57426,2506,37.893517,10,0.76647764,4.987441,14.99398423069794,3969.3072443437786,84.8528137423857
212.16357,2282,27.307598,10,0.5694262,4.987441,15.140550131959492,2497.758995579838,84.8528137423857
200.67368,2309,37.903812,10,0.7287505,4.8086514,14.911957079557007,3459.5086356302104,150.0
168.48352,1706,39.557335,10,0.70259917,4.987441,14.593784471461944,840.535543567314,228.4731931759173
322.0482,1461,30.767183,10,0.73464656,4.6042256,14.99494677950637,7880.640836886299,134.1640786499874
226.28613,1825,43.136703,10,0.5246701,4.6042256,14.652859413606702,7617.046671775091,42.42640687119285
193.89323,1764,28.085264,30,0.46593696,4.6042256,14.917416244644851,7865.322625296434,0.0
195.30412,2335,46.13819,30,0.44143206,4.6264033,14.652108180326607,7382.987200313975,60.0
173.79321,2291,40.255505,60,0.45042193,4.6264033,15.169492327976384,6944.595020589753,30.0
240.6312,1721,24.801792,30,0.3693189,4.6042256,15.170993128479266,7933.851523692639,30.0
315.39633,1329,46.899467,10,0.65924144,4.6042256,14.03585489423975,9154.916711800275,182.48287590894657
153.24443,1372,53.29841,30,0.4892945,4.6042256,14.069922439879813,8820.0,150.0
158.30373,1888,43.2525,10,0.4817506,4.790456,14.466111465746224,4989.92985922648,150.0
327.13776,1130,33.999992,10,0.4826549,4.263062,14.134158447151046,8670.0,30.0
152.18411,1474,39.47546,10,0.79399467,4.6042256,14.394613999025813,8580.0,90.0
142.99457,1381,44.215828,10,0.7097004,4.6042256,14.058682019174512,8460.0,150.0
165.89435,1983,42.028847,30,0.41105527,4.790456,14.511776789788282,6843.683218852258,30.0
3.157896,1352,33.6123,60,0.7241665,4.696327,14.491965072972164,1950.0,492.0365840057018
14.363424,1450,41.529236,10,0.74158716,4.696327,14.654613590193373,2202.2942582679543,563.6488268416781
31.837904,1465,44.180267,10,0.75725025,4.696327,14.54558251719788,2257.1885167172018,553.1726674375732
83.69333,1694,30.517216,60,0.67550564,4.696327,14.974547011340231,4039.430652950982,256.3201123595259
87.84557,1636,40.735424,30,0.6536986,4.696327,14.493606042299314,3420.0,94.8683298050514
19.07832,1966,31.65921,10,0.836977,4.548963,14.816710539399711,4444.963441919405,90.0
217.40752,1607,37.017166,10,0.64292055,4.625964,14.369914245243743,872.066511224918,276.5863337187866
192.75117,1355,42.39108,10,0.63976836,4.625964,14.09104222681564,1331.540461270329,94.8683298050514
185.27724,1328,38.540028,10,0.75343937,4.625964,14.213619532239523,1302.4976007655446,108.16653826391968
202.62917,1490,33.68114,60,0.47475106,4.625964,14.735035561112818,2466.029196907449,60.0
189.36967,1435,38.22113,10,0.73703384,4.625964,14.59372878425292,2516.068361551411,180.0
244.99652,1454,36.042343,60,0.21710794,4.625964,14.513694928754507,1421.442928857856,120.0
211.979,1472,28.961596,60,0.5449013,4.625964,14.877021175513624,1336.6001645967278,30.0
240.76628,1525,32.2019,10,0.67122364,4.625964,14.695100834736984,1402.6403673073153,60.0
248.24435,1572,31.443188,30,0.5944032,4.625964,14.75428176656029,1471.2239802287074,60.0
240.12749,1601,40.198578,60,0.23567691,4.625964,14.45969244614667,1663.3099530754937,0.0
191.04002,1100,25.561646,30,0.45199227,4.625964,14.65755962904244,510.0,30.0
215.0835,1110,29.841726,10,0.55409026,4.625964,14.5918113634154,450.0,42.42640687119285
22.281672,1384,45.41674,60,0.46262732,4.625964,14.126604257413836,1215.647975361289,108.16653826391968
15.463366,1478,37.08232,10,0.76635253,4.625964,14.384786678955493,1376.4083696345351,174.92855684535903
179.03203,2683,47.32754,10,0.7489936,4.5957475,14.715641310221615,5310.0,937.709976485267
180.0,2480,29.534676,30,0.78913957,4.5957475,14.946883031305276,4770.0,742.1590126111788
156.1657,2642,35.96379,60,0.51635784,4.5957475,15.09527098438186,4800.0,942.0191080864548
178.77644,2330,40.63446,10,0.4147964,4.5957475,14.762768700044258,4650.0,553.1726674375732
255.04695,2364,39.19987,10,0.6206972,4.5957475,14.707483079266584,4290.0,408.0441152620633
38.493546,2539,37.42516,10,0.7485471,4.4527707,15.017269176230428,3669.945503682582,960.0
120.16256,2552,58.16867,30,0.36940068,4.5403075,14.165989064258666,1392.0129309744218,381.8376618407357
79.16957,2895,48.238297,60,0.49126282,4.90307,15.000625827641898,1081.6653826391969,975.8073580374356
208.93079,1355,39.77126,30,0.30043384,4.9416623,14.30431125932643,536.6563145999496,0.0
233.11613,1508,37.059517,10,0.48497853,4.9416623,14.50827896430475,722.4956747275378,30.0
220.29976,1543,40.33139,30,0.34346175,4.9416623,14.592060551966508,816.0882305241266,108.16653826391968
142.27106,1691,37.87406,30,0.43648794,4.9416623,14.435984672977204,657.9513659838393,123.69316876852982
281.9817,2140,25.072882,60,0.6805094,4.9416623,15.053111680738112,2269.9118925632333,60.0
150.8892,2381,48.498207,10,0.4561124,4.8086514,14.53070039420817,3721.9349806249975,42.42640687119285
223.85066,2258,36.529507,60,0.68328935,4.8086514,15.046532634024118,3584.215395313178,330.0
240.74689,2317,40.737762,10,0.80210525,4.8086514,14.526409703862113,3695.240181639077,189.7366596101028
224.40001,2947,39.973347,60,0.33182228,4.8086514,15.153074573468883,4734.395420748039,192.09372712298543
200.67752,2866,46.072075,30,0.3489301,4.8086514,15.274032712018226,4626.035019322703,323.10988842807024
233.96964,2649,37.616623,10,0.5838918,4.8086514,15.246650065885412,4315.205672966238,400.24992192379
240.66199,2779,42.77158,30,0.54985344,4.8086514,14.91761620796042,4402.646931108603,313.20919526731655
241.33188,2824,41.261158,30,0.41320634,4.8086514,14.98185521704246,4412.550282999618,161.55494421403512
192.92276,1333,50.866325,10,0.47074762,4.987441,13.676693404599574,371.0795063055894,60.0
217.03897,1531,33.79161,10,0.5458158,4.987441,14.363413960711624,241.86773244895647,127.27922061357854
216.7449,1476,43.515545,10,0.5474199,4.987441,14.380941959745636,300.0,150.0
217.8903,1491,44.554615,10,0.47660998,4.987441,14.498662456266064,300.0,169.7056274847714
217.55536,1442,47.261444,10,0.37487122,4.987441,14.238369685974458,300.0,67.0820393249937
214.67342,1251,35.32145,10,0.43126684,4.987441,13.91289313985044,516.1395160225576,0.0
117.25224,2883,51.05454,10,0.34479487,4.541609,14.877586331707857,8371.021443049825,870.0
174.92429,2531,39.652836,30,0.40064266,4.541609,14.941275387819804,7939.294679000144,484.6648326421053
152.62971,2471,32.53758,30,0.5890467,4.541609,14.915709927538073,7793.593522887885,323.10988842807024
160.98163,2791,38.225063,60,0.5524849,4.541609,15.076378728143856,7938.387745631981,759.5393340703298
166.81244,2733,25.741537,30,0.6278251,4.541609,15.454227453515106,7899.120204174639,764.8529270389178
151.94415,2722,31.950644,10,0.7019433,4.541609,15.545743860435213,7851.636772036771,752.3961722390673
143.943,2705,29.277727,10,0.80550957,4.541609,15.3895347739192,7804.90230560255,750.0
166.5899,2316,43.48797,10,0.7197657,4.726099,14.712842200007405,7182.478680789802,127.27922061357854
185.8778,1963,35.60366,10,0.56478584,4.726099,14.70819482774222,6525.396539674812,349.85711369071805
155.9149,1813,33.97192,10,0.7812737,4.726099,14.79848830926776,6174.827932825335,30.0
112.65738,1912,47.53314,10,0.59153485,4.726099,14.364023727311002,6387.112023442207,152.97058540778357
97.91311,2029,63.42244,10,0.70481,4.726099,13.86366128754748,6548.320395338029,161.55494421403512
78.381424,2652,53.80199,10,0.4557106,4.726099,15.321869289816412,8333.414666269764,958.5927185202274
49.77862,1767,47.804283,10,0.5675984,4.586505,14.45399849995131,2523.568901377571,296.98484809835
71.48453,2497,29.28061,10,0.658831,4.726099,15.159353755866242,8248.854465924343,750.0
81.14425,2404,32.248165,10,0.8309775,4.726099,14.93886711950582,8414.130971169869,684.7627326307996
106.08002,2232,43.0792,10,0.48510313,4.726099,14.829363502000316,9469.78880440319,540.8326913195983
109.72945,2119,31.938707,60,0.2932377,4.726099,14.873698197498404,9444.474575115337,597.7457653551382
79.04895,2039,53.741306,10,0.8102345,4.726099,14.548658841526567,9111.756142478793,241.86773244895647
102.78978,2034,33.349525,10,0.57120615,4.726099,14.490530081248531,9204.574949447691,391.15214431215895
189.03265,2944,43.054317,30,0.69500935,4.726099,15.066490496017614,7830.517224296234,726.2231062146122
141.64903,1094,39.545464,30,0.2865681,5.2163897,14.571592919620388,408.0441152620633,67.0820393249937
305.15738,1730,50.400883,10,0.6743764,4.9416623,14.17914414972148,3827.4403979683343,67.0820393249937
312.6799,1749,49.481453,10,0.69662493,4.9416623,14.06561661319745,3767.7181423243433,84.8528137423857
283.96246,1484,31.123798,10,0.46753246,4.586505,14.633821744917435,349.85711369071805,600.7495318350236
199.5664,946,31.018253,60,0.37147436,4.647837,14.33189586561086,0.0,0.0
136.4693,1030,29.17003,30,0.4728261,4.967406,14.419839835984126,295.4657340538831,60.0
67.16621,1135,22.643303,10,0.52576566,4.967406,14.80045579866002,379.4733192202056,60.0
92.1104,1561,23.729635,30,0.7907654,4.967406,15.086750901336954,2106.418761785035,67.0820393249937
180.0,1751,36.071453,30,0.4240485,4.496347,14.564010308269095,3576.1711368445444,0.0
154.86662,1563,36.245445,30,0.6370831,4.496347,14.681440976900197,3570.0,108.16653826391968
172.19067,1634,47.160095,30,0.53886694,4.496347,14.23474614678426,3870.0,30.0
157.89445,1614,34.270992,30,0.5325712,4.496347,14.18281406535996,3930.0,30.0
149.0777,1636,43.90119,30,0.5772549,4.496347,14.3440545450744,3960.0,30.0
184.41125,1387,35.541183,10,0.56789464,4.607892,14.424517348887544,3570.0,30.0
154.12915,1910,32.197735,10,0.8112056,4.496347,14.92618509530572,5499.745448654874,189.7366596101028
153.1506,1979,34.584766,10,0.6793407,4.496347,14.718054019478704,5537.011829497929,150.0
116.394066,1954,49.364613,60,0.543907,4.696327,14.337204241427148,1860.0,342.05262752974136
94.3578,2075,46.808235,10,0.7358082,4.696327,14.21815262668687,1860.0,330.0
81.38326,2003,32.954166,10,0.7268293,4.696327,14.579072316177546,1642.3458831805194,42.42640687119285
82.10576,2019,43.316513,10,0.7586935,4.696327,14.914021198705337,1677.0509831248423,60.0
90.97388,2020,43.60381,10,0.7586935,4.696327,14.914021198705337,1677.0509831248423,60.0
91.1509,2020,38.866627,10,0.77563435,4.696327,14.732416080116954,1653.2694880145823,94.8683298050514
68.23812,1966,31.436245,10,0.7754789,4.696327,14.99046673198187,1615.5494421403512,201.24611797498108
105.67397,1792,50.156128,30,0.63127226,4.696327,14.337904871655985,2631.2924580897507,0.0
70.738655,1772,39.8357,10,0.8219118,4.696327,14.337299123188362,2639.488586828896,94.8683298050514
63.499462,1737,38.594448,10,0.8219118,4.696327,14.337299123188362,2639.488586828896,94.8683298050514
353.54498,1700,39.164623,10,0.77713,4.696327,14.557430610491028,2922.498930709813,30.0
37.026028,1834,36.127357,10,0.8188628,4.696327,14.893218896886694,3340.928014788705,201.24611797498108
35.41913,1887,34.80843,10,0.77986205,4.696327,14.591814951984082,3448.0429231667054,240.0
170.27524,1232,47.307358,30,0.5935238,4.696327,14.22000306916492,2220.0,351.1409973215888
161.0355,1426,53.516422,60,0.43506116,4.696327,13.85317426563059,1800.0,152.97058540778357
204.1504,1610,43.236053,60,0.30484417,4.77441,14.489801571372151,827.5868534480234,210.0
222.98169,1604,36.95529,30,0.4735843,4.77441,14.575460805226754,742.7651041883969,120.0
222.45631,1517,45.88054,30,0.5926834,4.77441,14.20452164129673,1106.752004741803,466.6904755831213
197.58159,1814,40.332905,30,0.4049125,4.77441,14.619952507229394,1527.9397893896212,258.0697580112788
189.634,1746,44.571697,60,0.32,4.77441,14.382950109421245,1358.3077707206126,313.20919526731655
92.57273,1645,47.252483,30,0.6260135,4.77441,14.23469216440487,690.0,120.0
37.329998,1660,43.120872,30,0.62710136,4.77441,14.246799257760031,720.0,90.0
97.194954,1716,14.4934635,30,0.46954876,4.77441,15.702776774377114,804.9844718999243,0.0
114.40755,1746,36.660732,30,0.6551471,4.77441,15.438382260727582,870.0,30.0
91.80763,1707,45.745377,30,0.5391989,4.77441,14.38546032199228,840.0,60.0
100.94042,1688,30.83962,10,0.69745606,4.77441,14.848855405277735,750.0,30.0
43.88767,1595,41.938004,10,0.72364926,4.77441,14.384675377858658,570.0,30.0
50.360474,1641,20.837667,10,0.73469824,4.77441,14.47169612170655,690.0,30.0
24.903975,1622,34.83965,10,0.72655076,4.77441,14.658966827128763,630.0,30.0
72.186584,1938,32.414906,10,0.5044501,4.4527707,13.829670988851571,2482.035455024766,256.3201123595259
72.18102,2545,46.613976,10,0.768648,4.696327,14.716292478071514,3937.2071319655006,787.4642849044013
109.7701,1043,60.54504,10,0.7749734,5.3439345,13.844060205628915,270.0,150.0
70.52628,1115,34.20797,10,0.7998743,5.3439345,14.199238419065864,330.0,210.0
86.70043,1057,40.155987,10,0.7821656,5.3439345,14.047867324624653,270.0,134.1640786499874
136.68938,1262,38.69068,10,0.55358154,5.3439345,14.273734298516482,540.0,408.0441152620633
113.84427,1256,40.06111,30,0.48355374,5.3439345,14.380473521075242,424.2640687119285,391.15214431215895
101.52905,1131,36.08989,30,0.49084994,5.3439345,14.199397277547943,300.0,30.0
91.946945,1124,43.61987,30,0.37091184,5.3439345,14.42323935707017,120.0,0.0
58.34387,1301,42.779095,10,0.72587574,4.77441,14.218345899057388,591.6924876994806,240.0
73.023384,1408,46.489166,10,0.5226863,4.77441,14.090310088129126,834.0863264674706,408.0441152620633
76.10187,1479,43.335247,30,0.43794578,4.77441,14.05552628525935,975.8073580374356,465.7252408878008
78.88968,1505,45.23018,30,0.49635363,4.77441,14.21709544550779,1064.048871058092,582.494635168428
77.54198,1636,42.002094,10,0.78594804,4.77441,14.410992470978378,1231.0970717209916,684.1052550594827
76.834076,1644,32.604244,30,0.75458837,4.77441,14.782050965076946,1360.294085850556,755.3806987208503
82.90527,1508,52.65693,30,0.53180957,4.77441,14.450124598477364,1350.0,737.9024325749307
115.81372,1974,62.64736,30,0.40201417,4.77441,14.054592978633297,1600.1562423713503,670.820393249937
137.20824,1838,50.503895,10,0.4460745,4.4527707,14.041207950234112,2850.0,120.0
143.4052,1830,52.225765,30,0.5315491,4.4527707,14.186576780414828,2790.0,60.0
136.29175,1843,52.406727,30,0.48527184,4.4527707,14.350975020860355,2760.0,42.42640687119285
146.23349,1794,40.58981,30,0.41430947,4.4527707,14.204092267539766,2700.0,90.0
176.70583,1930,43.731083,10,0.7599412,4.5403075,14.73892349458285,1905.41334098405,60.0
89.12732,1892,46.74514,30,0.55345315,4.77441,14.413650282319312,1618.054387219416,152.97058540778357
112.18289,1777,37.658657,10,0.72849476,4.5403075,14.779072917869122,1693.8713056191723,417.8516483155236
161.45636,2929,42.676327,30,0.65622646,4.5403075,15.06551837055982,2180.1146758828995,966.0745312862772
68.77195,2310,44.52534,10,0.7348943,4.90307,14.42861366114555,600.0,980.866963456309
119.38493,2213,50.674706,30,0.51566416,4.90307,14.26598176669239,90.0,442.944691807002
52.889297,2615,32.777817,60,0.35215053,4.90307,15.511064634928172,632.8506932918697,831.9254774317228
75.95958,2699,48.60095,10,0.61420465,4.90307,15.532412599386364,474.3416490252569,913.892772703669
40.849243,2340,39.118183,10,0.7569388,4.90307,14.874524440454008,0.0,295.4657340538831
53.029583,2397,37.975037,10,0.7815293,4.90307,14.937696539453134,0.0,216.33307652783932
44.752945,2617,36.10837,10,0.75643677,4.90307,15.104503144578134,408.0441152620633,745.1845409024533
36.547077,1853,30.299738,10,0.74662715,4.696327,14.979974986017169,2647.149410214693,150.0
32.47198,1934,42.64535,10,0.45146826,4.696327,14.58943011659355,2696.664606509308,161.55494421403512
165.09128,1665,40.508453,30,0.5211841,4.77441,14.533123923949962,964.2095207992918,30.0
174.89528,1595,31.698847,10,0.5329275,4.77441,14.964578900032464,930.4837451562494,90.0
118.41661,1656,45.58121,30,0.51943463,4.77441,14.33495937561838,800.49984384758,30.0
132.34523,1652,38.41623,30,0.4531683,4.77441,14.546060445051642,853.2877591996735,30.0
189.32825,1347,45.485485,10,0.53803545,4.77441,14.030323415943226,563.6488268416781,323.10988842807024
174.12656,1355,41.82937,30,0.5019185,4.77441,14.335392991817026,721.2489168102784,429.5346318982906
197.54565,1292,49.101143,10,0.6843399,4.77441,13.758698333928455,323.10988842807024,161.55494421403512
111.04852,1494,50.58863,30,0.19301285,4.77441,14.233717067234798,465.7252408878008,42.42640687119285
110.74296,1480,43.825314,30,0.37688443,4.77441,14.337454439232902,480.0,30.0
107.618065,1354,50.89118,10,0.5219753,4.77441,13.924183312487152,180.0,276.5863337187866
127.60956,1219,42.046013,60,0.47255468,4.77441,14.120631391270107,0.0,276.5863337187866
133.17361,1309,63.826862,30,0.4254847,4.77441,13.932257754813063,0.0,366.1966684720111
121.739136,1165,47.123806,10,0.61706483,4.77441,13.731057732368852,0.0,234.30749027719963
144.08997,1534,56.29195,30,0.33002058,4.77441,13.830361697300534,1290.0,240.0
125.44895,1318,38.987404,10,0.6836624,4.77441,14.460471757797873,870.0,540.0
153.30348,1200,39.192738,30,0.49517187,4.77441,14.20686640527665,810.0,510.0
165.8865,1354,36.91104,30,0.43616852,4.77441,14.019936231818328,1410.0,335.4101966249685
176.9875,1673,34.877937,30,0.37297654,4.4527707,14.598953069299426,1800.0,30.0
198.59201,1642,32.289852,30,0.5533269,4.4527707,14.76952588631029,1830.0,30.0
155.35895,1635,33.38302,30,0.55410784,4.4527707,14.721287036813775,1770.0,30.0
178.79965,1632,41.164223,30,0.47884345,4.4527707,14.508331071589351,1740.0,30.0
192.35237,1623,27.19016,30,0.47713062,4.4527707,15.637508256642,1860.0,0.0
171.02827,1625,35.17219,30,0.5016193,4.4527707,14.676169521388186,1800.0,60.0
166.22554,1620,45.00076,30,0.45208487,4.4527707,14.39503020328419,1650.0,60.0
191.22723,1369,43.24998,30,0.5653906,4.696327,14.125619156790316,1620.0,295.4657340538831
141.92638,1940,28.13093,10,0.77312005,4.4527707,14.843122648542156,1890.0,42.42640687119285
194.50072,1880,30.336779,10,0.65351456,4.4527707,14.981873710002024,2130.0,30.0
181.85165,1871,29.547512,30,0.5491417,4.4527707,14.938663532349912,2070.0,30.0
188.25404,1889,32.535076,30,0.533132,4.4527707,14.89488401663824,1950.0,30.0
202.53215,1630,27.733948,30,0.69684356,4.4527707,14.949824291689003,1920.0,30.0
197.75656,1691,42.01469,10,0.6694397,4.4527707,14.642569057817568,2010.0,42.42640687119285
190.67938,1695,41.654594,10,0.6220998,4.4527707,14.44134512910428,1980.0,42.42640687119285
138.14597,1602,27.5462,30,0.5050281,4.77441,14.93531115848222,721.2489168102784,30.0
108.035225,1717,36.204174,30,0.34894022,4.77441,14.674637243760358,1440.0,0.0
112.190605,1639,27.217691,30,0.4581687,4.77441,14.973246963549991,1350.0,192.09372712298543
145.28708,1992,43.977974,30,0.49199745,4.4527707,14.747350535208906,2310.0,60.0
188.87169,1618,43.53901,30,0.36646587,4.77441,14.170330504029698,1555.9562975867927,510.8815909777921
182.49228,1965,40.116184,30,0.41106656,4.77441,14.819517507164,1320.0,30.0
198.13795,1763,32.914974,30,0.2693418,4.77441,14.883324381057164,1253.1959144523253,212.1320343559643
138.8312,1902,43.416042,60,0.41117734,4.77441,14.394635162781404,1050.0,30.0
137.99033,1860,46.870453,10,0.6287635,4.77441,14.37749647751976,1080.0,0.0
195.19455,1687,39.986847,30,0.39228567,4.77441,14.511107075633456,1039.6634070698074,254.5584412271571
106.74047,2509,41.962032,10,0.8506603,4.77441,14.816761047075254,1710.263137648707,84.8528137423857
124.590836,2331,42.378876,10,0.69356596,4.77441,14.934302791728198,1398.4634424968,256.3201123595259
125.05576,2330,37.269344,10,0.6645985,4.77441,14.779272067892162,1374.1178988718543,284.60498941515414
79.64036,2258,28.374092,10,0.7066625,4.77441,15.029666415457118,1380.3260484392808,360.0
117.46316,1325,35.069553,10,0.57078105,4.77441,14.401768958818128,30.0,161.55494421403512
81.846,1284,34.402935,10,0.6027237,4.77441,14.447751827909132,0.0,240.0
131.46278,1352,43.635456,30,0.4589993,4.77441,14.011464941036143,0.0,283.0194339616981
129.93129,1387,42.236668,30,0.42999446,4.77441,14.021719191186266,30.0,361.2478373637689
134.6756,1411,47.25844,30,0.41359428,4.77441,13.979309595758115,90.0,445.9820624195552
92.89009,1535,62.565346,30,0.37369183,4.77441,13.860671468594258,240.0,474.3416490252569
117.711494,1417,56.860394,30,0.274488,4.5403075,13.74120877051825,60.0,603.7383539249432
112.57112,2648,45.34693,60,0.46788394,4.5403075,14.77566983523315,1530.0,680.147042925278
77.701416,2804,57.929,10,0.6373006,4.90307,14.919756587545653,270.0,551.5432893255071
87.47366,2959,47.77145,30,0.5862628,4.90307,14.8057766429529,510.0,819.3900170248597
108.09896,2873,27.523035,10,0.5796643,4.90307,15.3037612882392,429.5346318982906,807.7747210701756
65.16699,2807,58.895397,30,0.5295152,4.90307,13.94280776486079,480.0,550.7267925205746
70.22459,2907,27.757862,10,0.69282514,4.90307,14.818184850335156,540.0,757.1657678474378
90.0,2802,36.94592,10,0.5943233,4.90307,15.140544470091156,450.0,590.9314681077662
122.22748,2866,31.26193,30,0.38581192,4.90307,14.563314799298986,618.4658438426491,984.0731680114036
121.12598,2857,39.152786,10,0.5335478,4.90307,15.066030776393744,558.0322571321483,924.1753080449618
73.22931,2700,38.147057,10,0.7853014,4.90307,15.162632032234258,283.0194339616981,636.3961030678928
47.144596,2706,44.2986,10,0.6897412,4.90307,14.7397595858072,254.5584412271571,618.4658438426491
106.39018,2903,34.54388,10,0.6372698,4.90307,14.61707755289462,450.0,641.3267497929585
29.53142,2496,30.76761,10,0.7681564,4.90307,15.25169798563756,180.0,657.9513659838393
30.680588,3306,38.327866,30,0.4874857,4.635934,15.499295748312433,4585.193561890272,1008.4641788382966
138.80527,3478,43.427372,60,0.24380925,4.635934,15.52602485250329,4865.644869901625,453.9823785126467
345.07703,2721,40.51033,10,0.7217935,4.90307,15.441056236415172,1739.2239648762893,391.15214431215895
54.50781,2671,30.349455,10,0.6426482,4.90307,14.682407711637271,1959.2090240706837,593.9696961966999
338.75275,2772,49.326164,10,0.70885044,4.90307,14.682289999714053,2265.14900172152,782.3042886243179
130.44894,3514,34.939735,30,0.40134424,4.635934,15.431487364522464,4724.880950881196,785.175139698144
108.0197,3398,47.698208,30,0.43289176,4.635934,14.945244267047608,4498.199639855929,960.0
6.7984033,3320,31.777843,10,0.6763551,4.90307,15.375193950660462,2482.035455024766,94.8683298050514
86.69705,1202,40.127117,10,0.6330567,4.3611135,14.172488528746014,3900.0,30.0
152.12202,2503,40.719074,30,0.7461664,4.674496,14.882584576679015,12459.538514728383,787.4642849044013
211.49751,2916,57.600063,30,0.307783,4.674496,14.868235812455907,12364.732103850856,576.2811813689564
214.35178,1994,40.135063,10,0.786468,4.674496,14.758454808650871,10350.0,0.0
203.8653,2424,39.154446,10,0.63181955,4.383127,15.055654964579247,8670.415214970964,42.42640687119285
224.10077,2492,38.272343,30,0.483372,4.383127,15.107193405049191,8872.75041912033,134.1640786499874
218.28542,2615,47.544827,10,0.70076257,4.9416623,14.70599756937671,7471.204722131499,931.933474020544
206.54628,2517,37.886738,10,0.6933622,4.9416623,15.050839110580684,7465.420282877582,882.3264701911645
203.82999,2938,48.557205,30,0.33851707,4.383127,14.771773436000698,8057.27621470184,510.8815909777921
213.67543,2895,47.44769,30,0.35521996,4.383127,15.176815187316,8052.080476497985,630.0
166.0112,2402,44.545776,30,0.42944786,4.9416623,14.702795099998635,6178.106506042122,258.0697580112788
204.59396,2367,36.786182,30,0.38378742,4.9416623,15.177353273856632,5447.127683467682,569.2099788303083
155.82262,1702,50.34914,30,0.50817525,4.9416623,14.346381608417342,3769.2704864469465,268.3281572999748
154.89801,2609,51.369835,30,0.26941618,4.9416623,14.556394943721868,4118.859065323794,360.0
145.43825,2561,59.683323,30,0.44117647,4.9416623,14.215741694422077,3683.653078127744,295.4657340538831
166.472,2585,57.42353,30,0.40834743,4.9416623,14.76740279373916,3931.373805681673,324.4996147917591
194.0063,2733,48.60553,30,0.4120439,4.9416623,14.853392079392115,4250.270579621962,510.0
196.96796,2268,46.83631,30,0.22010495,4.9416623,14.706751677367413,3120.1442274356486,42.42640687119285
150.51788,2194,27.50513,30,0.41888,4.9416623,15.251974143101496,2949.321955975644,30.0
166.86612,2486,46.3214,30,0.37002027,4.9416623,14.678277090494667,3169.369022376536,150.0
159.34792,2282,41.421047,30,0.34965292,4.9416623,14.50094348720342,3104.383996866367,30.0
148.04388,1643,28.955544,30,0.34428263,4.9416623,14.900775444415606,3244.9961479175904,442.944691807002
234.97452,1821,49.8299,10,0.6738752,4.9416623,14.56223636518087,3289.0728176797797,453.9823785126467
124.17987,2009,51.09343,10,0.51996773,4.9416623,14.800215224398016,3407.080861969672,268.3281572999748
122.52161,1821,43.0276,30,0.58336323,4.9416623,14.71345734841406,3161.4079142053147,189.7366596101028
163.12514,1698,34.743732,30,0.3530718,4.9416623,14.782102971172664,2178.669318643837,432.6661530556787
136.10257,1577,46.55608,30,0.26528117,4.9416623,14.212086015814393,1914.601786273062,301.4962686336267
177.64563,1749,41.70358,30,0.25749367,4.9416623,14.501961550425516,1867.243958351452,247.38633753705963
228.98672,1859,55.50707,10,0.50998855,4.9416623,14.478021418435928,1570.350279396288,84.8528137423857
164.21648,1712,54.713375,30,0.4432011,4.9416623,14.01101594361366,1761.8456232031228,174.92855684535903
128.6768,3035,36.913902,10,0.62940174,4.5957475,15.162097764286711,6390.0,969.3296652842106
55.836082,902,33.54458,10,0.6451674,4.7094727,13.910906281371268,426.3801121065569,234.30749027719963
26.378506,985,36.53236,10,0.63416815,4.7094727,14.206089642502183,318.9043743820395,216.33307652783932
54.476963,863,34.85766,10,0.6372682,4.7094727,14.28009480324528,301.4962686336267,247.38633753705963
38.16722,824,43.444405,10,0.7616564,4.7094727,14.025937865458843,30.0,180.0
308.06097,1514,39.14504,10,0.55825627,4.586505,14.431107409205843,429.5346318982906,666.1080993352356
313.24255,1451,49.754528,10,0.46491414,4.586505,14.665788225169043,420.0,577.0615218501403
272.35446,1221,38.240944,10,0.59915906,4.586505,14.375214919706863,0.0,30.0
278.97055,1183,46.07278,10,0.59906155,4.586505,13.858976504343202,0.0,60.0
287.8212,1283,46.61052,10,0.4333954,4.586505,13.579331079948645,180.0,254.5584412271571
288.4686,1390,40.980953,30,0.6110444,4.586505,14.546579285415852,390.0,420.0
242.71867,1449,26.309368,60,0.46861508,4.586505,14.823743520109533,540.0,570.7889277132134
281.53146,1346,25.913313,60,0.41291904,4.586505,14.783666761998797,390.0,436.8065933568311
266.83725,1540,41.354618,30,0.44491526,4.586505,14.26897705436687,603.7383539249432,750.0
266.9329,1464,31.177612,60,0.35107654,4.586505,14.70617694272667,496.5883607174055,702.9224708315988
257.25595,1631,38.91051,60,0.35051244,4.586505,14.525607868770033,708.0254232723568,458.91175622335066
247.80003,1496,37.638416,30,0.50152254,4.9416623,14.580186144209751,360.0,630.7138812488591
291.02856,1490,24.281197,30,0.43985954,4.9416623,14.768094973884995,360.0,630.7138812488591
273.0987,1710,41.93617,30,0.54746497,4.9416623,14.04244837307544,570.0,618.4658438426491
268.38358,1707,59.84944,10,0.38035187,4.9416623,14.04057572471472,570.0,674.1661516273269
270.81708,1472,48.622208,10,0.59145266,4.9416623,14.091787454573184,390.0,658.6349520030045
274.10083,1562,53.63665,10,0.67256236,4.9416623,13.792776990387685,394.5883931389772,488.3646178829912
303.32767,1730,40.511517,10,0.7045858,4.9416623,14.520199305193469,806.1017305526642,150.0
214.83585,1680,37.566162,30,0.38213998,4.9416623,14.363949790613088,810.0,700.3570517957252
226.03142,1711,40.009842,10,0.673138,4.9416623,14.528702710701072,872.066511224918,702.9224708315988
215.63162,1719,54.73298,10,0.60939837,4.9416623,14.028055253504808,1070.7940978544848,611.8823416311342
236.97166,1084,36.593334,10,0.5949241,4.586505,14.19921609612297,0.0,84.8528137423857
266.5105,1065,28.009367,10,0.71130836,4.586505,13.81835970059221,0.0,67.0820393249937
315.30106,1067,28.659554,10,0.55359393,4.9416623,14.206590980711171,30.0,150.0
184.04256,1438,37.916847,30,0.25581396,4.9416623,14.858825645756673,364.96575181789314,0.0
173.67406,1509,39.714172,30,0.40843257,4.9416623,14.741454206363752,566.0388679233962,84.8528137423857
237.71935,1254,37.15337,10,0.4619829,4.9416623,14.331820445187097,436.8065933568311,67.0820393249937
245.14368,1190,22.958399,30,0.3122388,4.9416623,14.73507762678405,169.7056274847714,42.42640687119285
250.23732,1191,31.897156,10,0.43196127,4.9416623,14.449290252667328,256.3201123595259,30.0
249.52048,933,41.31821,30,0.63247865,4.9416623,13.87163825002018,0.0,30.0
246.71681,948,36.39599,10,0.6087836,4.9416623,14.064155716704684,0.0,67.0820393249937
149.92703,961,37.485954,30,0.5316642,4.9416623,14.05180985846336,67.0820393249937,42.42640687119285
175.95824,1013,27.442862,30,0.46257585,4.9416623,14.236660540603417,617.7378084592201,210.0
165.5111,1012,30.33545,30,0.46257585,4.9416623,14.236660540603417,617.7378084592201,210.0
148.00375,1020,35.954296,30,0.50177705,4.9416623,14.03486663553976,658.6349520030045,180.0
149.97902,1043,40.074547,30,0.54215217,4.9416623,13.94802738267886,699.7142273814361,152.97058540778357
312.12943,1801,47.35896,10,0.574141,4.9416623,14.71501763350818,1863.866948041088,228.4731931759173
320.33505,1759,32.246365,30,0.5726808,4.9416623,14.724825025135502,1739.4826817189069,120.0
294.85672,1730,22.958096,10,0.5399188,4.9416623,14.709673085010168,1580.9174551506478,30.0
286.77805,1788,40.06955,10,0.60784316,4.9416623,14.426260175918792,1451.2063946937387,0.0
267.02194,1750,31.929647,10,0.40349838,4.9416623,14.83776933650148,1415.097169808491,0.0
206.68196,1768,26.065985,10,0.33429188,4.9416623,14.713733643665496,1382.9316685939332,0.0
206.00195,1804,42.569122,10,0.3747573,4.9416623,14.6125416661753,1368.5393673548451,0.0
198.31212,1857,34.957466,10,0.45428672,4.9416623,14.788588936430283,1475.8048651498614,0.0
205.62767,1853,30.646006,10,0.3112245,4.9416623,14.798383403101209,1489.7650821522163,0.0
219.8004,1797,38.683083,10,0.4307229,4.9416623,14.698717146425432,1453.9944979263162,0.0
210.38368,1907,26.869276,30,0.6307449,4.9416623,15.14515338321598,1689.0825912311095,150.0
163.733,1777,46.274174,30,0.4214156,4.9416623,14.569301049799847,1549.8709623707389,30.0
182.53891,1717,39.5699,60,0.06248868,4.9416623,14.78888098398136,1621.1107303327556,0.0
167.00601,1806,39.147156,30,0.374275,4.9416623,14.658685867553071,1699.1762710207556,120.0
201.75697,2110,41.633812,30,0.61275476,4.9416623,14.463006331074205,1730.6646122227148,120.0
212.98993,2206,46.183052,10,0.59754395,4.9416623,14.98660415145549,1863.866948041088,201.24611797498108
224.36215,2184,39.955105,30,0.29542646,4.9416623,14.60051368444696,1914.366736025258,234.30749027719963
219.12372,2122,49.94373,30,0.5014111,4.9416623,14.213163390857986,1891.9038030513077,150.0
185.10146,1738,31.698717,60,0.20225385,4.9416623,14.609651254084664,806.1017305526642,84.8528137423857
257.11978,1309,47.447037,10,0.4912151,4.586505,14.007759674891044,60.0,331.36083051561786
280.22855,1335,42.352367,10,0.549386,4.586505,13.95969874146722,30.0,301.4962686336267
280.22855,1335,42.352367,30,0.32003272,4.586505,14.22190421841326,60.0,330.0
270.0,1471,29.580502,30,0.48171845,4.586505,14.824355158261604,429.5346318982906,551.5432893255071
237.72769,1748,37.159733,60,0.26361868,4.586505,15.192580217690072,890.9545442950498,394.5883931389772
224.5711,1660,35.161964,30,0.40731925,4.586505,14.748785835134235,742.7651041883969,480.0
254.49785,1520,44.09969,30,0.37875515,4.586505,14.286333564811176,618.4658438426491,720.6247289678588
210.21725,1272,31.724134,30,0.37821782,4.9416623,14.401138759942867,465.7252408878008,42.42640687119285
211.3897,1049,50.06911,30,0.34159482,4.9416623,13.828651272339007,180.0,201.24611797498108
232.08522,2320,44.266224,10,0.5941945,4.586505,14.728238488628074,3102.208890452092,67.0820393249937
292.5368,1605,44.169136,10,0.59527826,4.586505,14.526631508563067,468.61498055439927,632.8506932918697
18.180231,1691,27.842484,10,0.4709518,4.586505,14.974233527774173,618.4658438426491,725.6031973468694
253.93668,1801,39.31893,30,0.6992978,4.9416623,14.607091546430734,1524.1062955056643,30.0
210.63863,1477,49.846706,30,0.37502852,4.9416623,13.869283488166,432.6661530556787,67.0820393249937
164.7625,1301,42.17626,30,0.4299517,5.2217073,13.853915335342151,1082.081327812286,67.0820393249937
172.36815,1427,51.144066,30,0.55388564,5.2217073,14.08830564309464,1302.4976007655446,90.0
90.0,1706,32.648983,60,0.6020352,4.967406,14.795368237383752,2670.6740722147283,0.0
152.66113,1419,32.530212,10,0.8003151,4.967406,14.619308419285204,1944.453650771856,94.8683298050514
164.50017,1360,41.6797,30,0.41520655,4.967406,14.150072152687663,4476.036192883164,212.1320343559643
111.454094,1152,19.497398,10,0.530137,4.967406,14.98891558729215,870.0,30.0
92.97746,1162,31.934769,10,0.6922792,4.967406,14.438453399586194,1021.7631819555842,108.16653826391968
60.29573,1399,33.159016,10,0.74799615,4.967406,14.573255509277931,2034.0353979220715,241.86773244895647
68.54476,1633,35.302265,60,0.623483,4.967406,14.655788982218592,2567.5864152935533,67.0820393249937
143.8073,1801,34.293312,30,0.3990178,4.804811,14.776009298150054,5094.173141933831,30.0
197.68771,1454,33.53039,30,0.4204244,4.967406,14.59508788683802,4012.0443666539886,30.0
306.19516,1752,33.340363,60,0.4635099,4.804811,14.794292837571591,6078.461976520047,366.1966684720111
308.3479,1616,23.91954,10,0.6997302,4.607892,15.016179549922882,5977.457653551383,436.8065933568311
322.36304,1565,24.214378,10,0.69448125,4.607892,15.05948460064312,6128.523476335879,318.9043743820395
41.3362,1611,30.203787,10,0.7772222,4.804811,14.906327553306966,6313.20045618702,361.2478373637689
63.995438,1614,30.571917,10,0.6210599,4.804811,14.822770425748466,6338.596059065446,305.9411708155671
97.946045,1836,19.356169,10,0.67543095,4.607892,15.465461959879171,6870.0,240.0
202.15813,1894,23.60368,10,0.42744106,4.607892,15.113759351451185,6570.0,0.0
129.38065,1975,33.558727,10,0.76095027,4.607892,14.562154758423924,6390.0,42.42640687119285
217.02193,1932,16.915934,10,0.57997376,4.607892,15.283909943832963,6510.0,30.0
174.75914,2084,31.025307,10,0.4672619,4.607892,15.08208070183496,6728.097799526996,0.0
129.45416,2087,34.520187,60,0.37451738,4.607892,14.705731519635345,7113.100589756903,123.69316876852982
124.90965,2066,40.317524,10,0.14669926,4.607892,14.876572138242196,7084.066628709812,161.55494421403512
162.42409,2078,23.00178,10,0.38650703,4.607892,14.988784384439109,7171.568866015302,60.0
154.66188,1738,37.602226,10,0.54278207,4.607892,14.625642506529251,7050.255314525851,216.33307652783932
200.65924,1751,25.03761,10,0.81842697,4.607892,15.140779722353953,7260.247929650888,127.27922061357854
186.71997,1917,38.0392,10,0.5926654,4.607892,14.825517531900276,7992.677899177471,67.0820393249937
205.86295,1960,32.196007,10,0.54744285,4.607892,14.71731702290251,8078.025748906722,30.0
219.35341,1834,39.942444,60,0.40085158,4.607892,14.617295013973871,8433.415678122357,0.0
171.95248,1801,33.18271,10,0.6700935,4.607892,14.835318062908446,8352.346975551243,30.0
198.74109,1742,27.149792,10,0.45477998,4.804811,15.02709538537535,9057.615580272768,0.0
213.8291,1744,27.750887,10,0.5034289,4.804811,14.97038566901072,8671.29748076953,30.0
185.87004,1769,28.236345,30,0.51739895,4.804811,14.708843787461593,8547.894477589203,123.69316876852982
217.72931,1852,37.874195,10,0.592035,4.804811,14.844959052802825,4348.758443510055,300.0
225.39592,1657,33.763973,10,0.77506596,4.804811,14.80933505588837,8294.118397997463,60.0
228.51518,1612,20.130865,10,0.6110206,4.804811,14.84300764198876,8335.682335597969,30.0
253.57648,1787,32.20254,10,0.6231343,4.804811,14.77195472209698,5554.53868471541,120.0
267.69824,1802,38.872673,10,0.3387437,4.804811,14.619374991152522,5514.943336064297,60.0
253.04207,1838,29.030443,10,0.13113849,4.804811,14.821773718529066,5502.36312869298,42.42640687119285
306.19342,1607,52.765953,10,0.39748535,4.607892,14.001294778145224,5715.610203644052,283.0194339616981
301.5946,1658,26.306509,30,0.50070775,4.607892,14.734675135257843,5777.551384453453,271.66155414412253
283.38937,1449,26.074186,10,0.7410536,4.607892,14.902806107719272,5777.239825383745,123.69316876852982
290.5089,1453,26.941763,60,0.733895,4.607892,15.404741865869047,5865.057544474734,84.8528137423857
260.50378,1604,34.48231,10,0.6455484,4.607892,14.89901769777869,5816.364844127301,342.05262752974136
180.0,986,38.42148,30,0.48349005,4.463525,13.997238552242884,4081.764324406788,60.0
183.97958,1044,46.52627,30,0.40754104,4.463525,13.804407404345495,4024.027832905732,120.0
208.52423,1019,43.772892,10,0.4817323,4.463525,13.872529722143264,3931.030399271926,42.42640687119285
208.48564,990,42.641117,10,0.73481685,4.463525,13.95534904825212,3780.119045744459,67.0820393249937
136.27264,918,30.217594,10,0.24844407,4.463525,14.280699514857911,2370.0,0.0
189.76077,911,37.073784,30,0.19384974,4.463525,14.217017951351735,2250.0,30.0
181.2219,913,40.634445,30,0.19441141,4.463525,13.9999049676034,2220.0,0.0
183.23506,913,32.9652,10,0.39147708,4.463525,13.99556015724052,2160.0,0.0
193.31168,899,35.575863,30,0.14988399,4.463525,13.9650167864388,1710.0,0.0
134.49632,1970,34.718353,10,0.7544236,4.4971914,14.857944169493132,4754.8817019984845,108.16653826391968
353.75232,1445,26.785519,10,0.8026303,4.559856,15.59845545565866,3409.06145441821,134.1640786499874
180.0,2182,55.534718,30,0.5945587,4.6264033,13.98654190977534,4897.448315194352,429.5346318982906
166.99812,1901,39.14805,30,0.5132128,4.6264033,14.661760417338463,4535.063395367258,457.9301256742124
191.0381,1785,25.561499,30,0.5961504,4.6264033,14.814296633062987,4522.941520736256,313.20919526731655
191.0381,1785,25.561499,30,0.55125326,4.6264033,14.89348684297396,4549.42853554158,342.05262752974136
195.7937,1802,31.200075,10,0.631678,4.6264033,14.880755347769776,4602.531911893713,361.2478373637689
212.73503,1904,40.25596,60,0.73800737,4.6264033,15.040578709008368,4886.22553716056,379.4733192202056
172.83478,1838,36.285492,30,0.4999236,4.6264033,14.710552330147966,4749.4841825191925,305.9411708155671
149.15675,1964,34.166843,30,0.4779101,4.6264033,14.692865833786833,5015.117147186095,516.1395160225576
203.60551,2214,37.858044,10,0.6372427,4.6264033,14.86163661999714,6257.06800346616,120.0
176.84082,1535,33.612335,30,0.4855884,4.625964,14.771342283272633,2504.595775769016,0.0
159.84859,1544,32.53798,30,0.49273542,4.625964,13.982927162812738,2512.846990964631,30.0
199.07182,1577,50.9617,30,0.57420325,4.625964,14.078122730394233,2588.532402733256,0.0
214.17207,1570,41.362514,30,0.5834631,4.625964,14.332937621715256,2613.962509295036,30.0
210.23737,1734,31.729378,60,0.5767196,4.625964,14.62416733359358,2751.18156434649,30.0
195.19264,1746,39.986595,60,0.48533905,4.625964,14.632493490284224,2871.3933899763715,0.0
188.93102,1752,30.53686,50,0.3870773,4.625964,14.906702995673523,2938.4689891166117,0.0
181.11719,2240,43.200203,60,0.2817552,4.6264033,14.80490962657098,6440.504638613344,150.0
180.0,2245,37.84767,10,0.2895912,4.6264033,14.74987142937793,6449.4418363142095,150.0
186.08969,2090,40.788303,10,0.6995773,4.6042256,14.835759678281027,6833.944688099253,189.7366596101028
159.3458,1864,46.06768,10,0.7076768,4.4971914,14.49813255875874,6378.08748764079,108.16653826391968
131.48561,1919,37.145504,10,0.66284484,4.4971914,14.929929974967148,6241.874718383893,174.92855684535903
146.12224,1558,31.96148,10,0.4720308,4.4971914,14.83284245241344,7085.209947489207,362.4913792078372
148.23264,1461,38.648804,30,0.52067745,4.4971914,14.34276062015097,7212.489168102785,339.4112549695428
154.84,1513,49.297344,10,0.70672417,4.4971914,14.084615768689506,5806.375805956758,0.0
158.40749,1518,34.852566,10,0.60439104,4.4971914,14.280209605944496,5850.0,0.0
129.28722,1216,43.40727,10,0.5098292,4.6042256,14.515910236765285,9747.045706264027,60.0
84.94627,1259,20.179817,10,0.74031186,4.6042256,15.043291607489772,9036.924255519683,30.0
182.44542,1280,40.653805,10,0.70188427,5.2217073,14.217278190707749,2340.0,400.24992192379
177.90923,1255,45.12322,10,0.5242957,5.2217073,14.0519121740703,2250.0,402.49223594996215
76.68299,1782,46.510635,10,0.80719423,4.496347,14.783867360980445,2472.589735479786,466.6904755831213
132.56128,1597,51.749027,60,0.27511656,4.496347,14.422714161841924,2751.18156434649,0.0
102.12816,2123,54.206566,10,0.68433297,5.2217073,14.522547079058036,2079.5432190748047,283.0194339616981
109.46258,2181,25.912355,10,0.5633988,5.2217073,15.309673991971252,2146.6252583997984,254.5584412271571
137.19672,2123,36.05816,10,0.68364,4.987441,14.884260632236828,2095.0656314301946,361.2478373637689
70.92966,1974,24.032328,10,0.84348345,5.2217073,15.498914506595298,1867.966809126972,182.48287590894657
69.881645,1950,38.66221,10,0.8120711,4.987441,15.30476127088921,1857.3368030596928,150.0
172.35156,1858,43.939545,30,0.43281588,5.2217073,14.65127308355866,2794.512479843309,30.0
224.5914,1941,35.17138,10,0.6440481,5.2217073,14.82409605769718,3005.0956723538766,94.8683298050514
226.50127,1975,34.2939,10,0.6140813,5.2217073,15.014572444966824,2970.6059987820668,150.0
197.15553,2129,36.70187,30,0.57530046,5.2217073,14.86085840679274,2951.1523173160685,127.27922061357854
220.87857,2127,36.051872,10,0.7742769,5.2217073,14.68074576281152,2876.4040050034696,127.27922061357854
121.275345,1707,34.449604,10,0.62631357,5.2217073,14.34261022430078,848.5281374238571,134.1640786499874
94.73553,2265,30.465912,10,0.76980895,4.496347,15.16272341607034,5102.205405508485,241.86773244895647
93.16098,2185,30.418695,30,0.549785,4.496347,15.37903007291269,5031.779009455801,174.92855684535903
190.3427,1625,27.026556,30,0.41178182,4.625964,15.019936388966125,2156.038033059714,42.42640687119285
222.1515,1637,28.628864,30,0.3546798,4.625964,14.914856631391435,2181.5590755237413,30.0
262.25742,1835,35.789246,10,0.49331126,4.625964,14.68334324171388,2589.922778771599,42.42640687119285
271.15067,1806,38.872513,30,0.56601816,4.625964,14.629022685476857,2581.046299468493,67.0820393249937
227.49797,1307,33.856873,30,0.45698214,4.625964,14.76180978355746,1157.6268828944844,108.16653826391968
221.12045,1348,36.94651,30,0.49247015,4.625964,14.94318271389434,1248.5191228010888,152.97058540778357
216.49872,1256,27.635193,30,0.35792446,4.625964,14.69155083245456,993.6297097007516,30.0
275.76642,2851,32.80016,30,0.5010274,4.548963,14.982124708317214,6707.197626430878,607.4537019394976
213.05165,2960,57.087772,30,0.32708126,4.548963,14.459956682559849,6697.730959063674,420.0
243.33932,2721,42.04776,10,0.7291961,4.548963,14.985537905604946,6367.495583037337,630.7138812488591
242.98903,2160,46.91802,10,0.6702921,4.548963,14.4890119535076,4952.544800403122,330.0
246.16367,2305,40.069958,10,0.8071773,4.548963,14.452510982056944,5352.121074863685,637.808748764079
247.31824,2475,55.760563,10,0.8316572,4.548963,14.41275386552902,5692.890302825095,468.61498055439927
352.83386,2428,23.77401,30,0.7068499,4.548963,15.522423955875484,5130.789412946121,859.0692637965813
347.91397,2315,31.488491,10,0.82560295,4.548963,15.220603994839202,5577.741478412208,450.0
263.42517,2655,40.306625,10,0.78,4.548963,14.710440762131164,6016.9261255228985,381.8376618407357
241.32133,2233,41.2516,10,0.7146758,4.548963,14.744199832314044,5223.96401212719,577.0615218501403
9.18297,2074,24.661846,10,0.73733383,4.548963,15.183821633659084,4060.541835765272,426.3801121065569
10.343657,2112,27.026627,10,0.7638275,4.548963,15.28269589012615,3985.5990766759264,349.85711369071805
5.2422614,2205,31.025364,10,0.8236375,4.548963,15.249215925206704,4329.36484949005,403.6087214122113
341.40613,2258,32.29014,10,0.8068235,4.548963,14.983234482792088,4518.96005735833,488.3646178829912
335.6467,2201,28.060526,30,0.8096708,4.548963,15.392658358819702,4189.379428984679,318.9043743820395
182.6626,1484,49.791504,30,0.22831978,4.4041653,13.951380609953109,60.0,192.09372712298543
211.68506,1693,22.709835,30,0.5780822,4.4041653,15.197870361648294,360.0,375.8989225842501
288.6972,1736,42.269337,10,0.81354725,4.4041653,14.692688319212277,270.0,458.91175622335066
234.26363,1899,57.66682,10,0.38448846,4.4041653,14.000495509923228,424.2640687119285,218.40329667841556
258.89026,1715,33.904247,30,0.46302465,4.4041653,14.767348533115795,305.9411708155671,445.9820624195552
143.86751,1483,61.78718,30,0.59573436,4.4041653,14.51433772289128,0.0,375.8989225842501
219.22452,1934,51.885227,30,0.25881168,4.4041653,15.171931593302237,270.0,201.24611797498108
151.57614,1899,59.43719,30,0.23382114,4.4041653,14.125362236723394,180.0,300.0
115.23294,1679,31.281376,30,0.43282497,4.4041653,14.845491771527582,90.0,323.10988842807024
79.412704,1935,44.10249,30,0.2896305,4.4041653,14.466196573369464,429.5346318982906,216.33307652783932
155.89287,2114,37.32857,30,0.24947146,4.4041653,14.65354394923152,1325.4433220624717,468.61498055439927
118.36646,2580,36.854385,30,0.5379085,4.4041653,15.038134590734474,1826.3077506269308,442.944691807002
136.10793,2601,41.940113,30,0.4364361,4.4041653,14.994872378145631,1851.5128949051368,666.1080993352356
141.91858,2559,53.20052,30,0.28073266,4.4041653,14.73120622582337,1842.0097719610503,774.2092740338364
318.9519,1776,15.59127,10,0.7630922,4.3121977,15.190254496035369,1866.0385848100784,90.0
-0.0,1695,37.84767,60,0.72556114,4.3121977,14.600703333484615,1230.3657992645926,30.0
42.162487,1998,28.633047,60,0.5909835,4.3121977,15.14889149950231,1198.8744721612852,67.0820393249937
20.259323,2093,38.440517,60,0.5870398,4.3121977,14.913524297692764,1434.0502083260544,94.8683298050514
327.68472,2033,33.074196,10,0.7739517,4.3121977,14.733274052802289,2334.9946466748056,90.0
313.427,1992,19.454428,60,0.7661664,4.3121977,15.631669411616327,2229.910312097776,84.8528137423857
326.4332,1892,29.396748,10,0.7709689,4.3121977,15.035679635083708,2112.178969689832,84.8528137423857
191.2973,2335,54.523167,10,0.47274363,4.3121977,14.183640933471972,3019.7350877187887,715.6116265125938
214.63554,1897,49.255657,30,0.3704137,4.3121977,14.546157216134118,636.3961030678928,123.69316876852982
265.46884,2571,50.875698,10,1.0,4.1832337,14.34165862969299,12422.20994831435,391.15214431215895
75.55912,2155,24.436226,10,0.74084276,4.726099,14.62778483952082,8010.898825974523,420.0
89.25608,2483,51.268368,30,0.58043283,4.726099,14.851499845056455,7784.118447197474,600.0
189.31538,2134,48.539936,30,0.55427706,4.625964,14.395683079918784,1998.0990966416057,30.0
190.68237,1944,30.669516,10,0.69601125,4.625964,14.88959845157383,1932.1490625725544,150.0
169.73552,2069,39.439106,10,0.6463281,4.625964,14.735716343327573,1889.04737897174,0.0
149.75732,1601,51.04108,30,0.25577652,4.625964,14.169182136436923,1535.8710883404246,67.0820393249937
164.44841,1607,45.706734,30,0.21676268,4.625964,14.266958484752434,1491.8780110987627,30.0
122.89996,1280,50.702953,10,0.52666134,4.625964,14.167220528822542,180.0,134.1640786499874
126.541756,1305,54.726925,10,0.6071964,4.625964,13.72994691787823,180.0,84.8528137423857
119.87079,1154,40.20005,10,0.8118741,4.625964,14.12987434895672,60.0,216.33307652783932
121.95265,1509,36.282913,10,0.6871249,4.625964,14.277898242214794,335.4101966249685,60.0
124.27783,1453,37.812836,10,0.6439791,4.625964,14.635285261864714,840.0,60.0
213.23589,1349,36.33215,10,0.70004725,4.625964,14.08957449606039,300.0,161.55494421403512
186.8663,1766,37.46372,10,0.85478246,4.5826526,14.520664775271804,872.066511224918,94.8683298050514
106.09157,1625,43.05922,30,0.49751964,4.5826526,14.169188444265329,335.4101966249685,30.0
105.33259,1637,47.77686,30,0.47559592,4.625964,14.335919921129143,450.0,90.0
184.75787,1975,47.844643,10,0.7646272,4.5826526,14.257116044285809,1776.0912138738822,335.4101966249685
166.76384,2081,52.011574,10,0.77998954,4.5826526,14.305258210455142,1520.8550226763891,161.55494421403512
188.87411,2059,43.5392,10,0.736295,4.5826526,14.70988038417931,1398.4634424968,108.16653826391968
186.45824,2144,44.347214,10,0.80505323,4.5826526,14.70289481106565,1369.5254652615993,30.0
177.29962,2152,49.40231,10,0.74130213,4.5826526,14.769665139205246,1343.3167906342867,42.42640687119285
163.4863,2303,35.34186,10,0.8210156,4.5826526,14.686092859963226,1523.2202729743324,30.0
123.27463,2188,37.49251,10,0.5707121,4.5826526,14.85465440396893,1242.014492669067,123.69316876852982
86.185684,2072,44.226604,10,0.8191866,4.5826526,14.997402116987528,1279.1403363196705,84.8528137423857
118.67142,2018,41.258175,10,0.39220095,4.5826526,14.641877249600975,1200.0,84.8528137423857
61.097305,2029,18.517046,30,0.54029256,4.5826526,15.559114683606309,1200.0,30.0
107.572,1719,45.53242,10,0.7668394,4.5826526,14.485302955527064,660.0,60.0
124.48723,1635,38.67705,30,0.49500865,4.5826526,14.535802395298443,450.0,180.0
75.30716,1445,50.489147,10,0.74210745,4.5826526,14.00557760666042,210.0,335.4101966249685
38.963963,1702,36.079735,10,0.77694684,4.5826526,14.578005840018038,660.0,67.0820393249937
42.02433,1805,46.877037,10,0.6899214,4.5826526,14.347309155961064,930.0,108.16653826391968
187.651,2039,43.939716,10,0.8076403,4.5826526,14.589739223000208,1980.0,480.0
126.091484,2004,55.015224,30,0.43299744,4.5826526,14.2539515825639,1770.0,421.07006542854594
177.68428,2194,24.400375,10,0.8309403,4.5826526,15.441241663264584,2130.0,90.0
172.82935,2019,16.36629,10,0.7954994,4.5826526,14.657093729174674,1680.0,180.0
180.0,1417,54.93157,10,0.83737797,4.5826526,13.825791576101958,120.0,120.0
163.9945,1765,51.63001,30,0.46712625,4.5826526,14.155900968604126,990.0,120.0
189.77638,1718,37.075073,10,0.7689811,4.5826526,14.738573738987611,780.0,60.0
210.74951,1634,48.018085,30,0.544735,4.5826526,13.976089690364123,690.0,67.0820393249937
127.305695,1620,49.605362,30,0.51326567,4.5826526,14.133353230445724,660.0,42.42640687119285
94.04133,1736,42.57581,30,0.36,4.5826526,14.441406429344328,611.8823416311342,30.0
80.75987,1452,35.21024,30,0.5470427,4.5826526,14.79470078640122,408.0441152620633,161.55494421403512
210.26405,2510,31.73634,10,0.78999835,4.772528,14.91905862439984,4852.308728842385,913.892772703669
142.94258,2420,53.24225,60,0.32385215,4.772528,14.513630557964058,4288.426284780933,750.5997601918082
148.9819,2231,56.831425,60,0.41116324,4.772528,14.193329606026111,4105.7277065095295,531.6013544000805
269.4502,2048,59.341415,10,0.76630604,4.835017,14.12876621311121,5228.699647139812,865.3323061113574
229.38211,2321,40.21217,10,0.82976836,4.772528,14.805709270017404,4280.864398693329,726.2231062146122
235.08147,2335,43.87612,10,0.76460916,4.772528,14.7047802063656,3842.928570764749,602.9925372672534
227.06383,2290,42.824467,10,0.71750283,4.835017,14.72055703445668,7164.537668265832,655.2098900352466
117.55111,2239,42.30022,30,0.3047163,4.835017,14.082246029152072,5433.23108288245,818.8406438373709
54.76561,1842,33.956787,10,0.81894034,4.835017,14.821239981164352,4731.733297640517,483.73546489791295
45.62637,1786,43.502373,10,0.8018979,4.835017,14.201135486617304,4253.022454678555,123.69316876852982
48.556965,1668,45.078815,10,0.8162626,4.772528,14.325424123796104,3221.335126931068,67.0820393249937
43.49843,1686,39.546032,10,0.8678759,4.772528,14.533215039344697,3470.2881724721365,123.69316876852982
205.15111,2070,36.249413,30,0.7717971,4.5826526,14.59737557924193,2173.499482401595,30.0
193.33363,2078,35.578323,30,0.51144606,4.5826526,14.886240250251364,2194.925966860841,30.0
128.87924,2119,28.439346,10,0.7476768,4.772528,15.174784679666043,2135.275157912909,42.42640687119285
112.1748,2018,27.233469,10,0.7155546,4.772528,15.186480241537586,1932.3819498225496,67.0820393249937
265.07596,1610,56.463276,30,0.64883536,4.772528,14.128750252520598,1218.2364302548172,189.7366596101028
212.90944,1640,53.46578,30,0.32870343,4.772528,14.03678421673472,2696.9983314789056,84.8528137423857
229.07782,1679,53.154076,10,0.5695546,4.772528,14.04197757931469,2978.472763011272,94.8683298050514
195.3219,1815,46.14062,10,0.6917348,4.772528,14.641150598925108,2206.1731573020284,67.0820393249937
153.47551,2475,46.86813,30,0.39978728,4.758372,14.359293290140632,4352.89558799657,1008.0178569846864
255.37329,2202,39.806545,10,0.804673,4.5957475,14.901392630897746,2430.0,603.7383539249432
272.2478,2304,39.538235,10,0.8283762,4.5957475,14.87570077807069,3155.709112069742,700.3570517957252
313.829,2160,30.301535,10,0.84596866,4.5957475,15.119921760538263,3129.5047531518467,502.8916384272063
267.02606,2414,43.10792,10,0.650325,4.5957475,14.7641654977226,3255.1036849845505,737.9024325749307
196.32777,1897,44.372963,10,0.68254375,4.772528,14.618313429669724,4601.260696809082,84.8528137423857
221.1663,1912,50.790154,60,0.6023717,4.772528,14.377067601530982,4690.469059699681,256.3201123595259
218.845,2003,43.08505,10,0.4833728,4.758372,14.718995469787862,4377.2251484245135,60.0
216.71468,2059,39.622852,10,0.5525004,4.758372,14.721472898524889,4486.880876510986,60.0
178.33656,2281,51.63297,10,0.6963945,4.758372,14.345563770366995,3914.511463771693,825.4089895318563
227.52058,1926,33.868298,30,0.2907872,4.772528,14.824964013779312,3070.276860480175,30.0
146.9683,2170,46.196606,30,0.22797245,4.758372,14.535548162205652,4478.448392021504,657.9513659838393
192.31659,2605,53.977337,30,0.5563632,4.758372,14.99624166175033,4964.070910049533,894.9860334105779
156.56464,2546,55.01787,30,0.34250635,4.758372,14.75318960073549,4646.902193935224,924.1753080449618
133.76176,1358,31.320879,30,0.49323785,5.202863,14.504223977634542,349.85711369071805,174.92855684535903
140.10088,1453,25.887829,60,0.25813147,5.202863,14.916478058611055,591.6924876994806,30.0
159.34047,1324,22.548569,30,0.4507993,5.202863,14.89101815285275,362.4913792078372,174.92855684535903
184.70296,1222,41.775536,60,0.21990258,5.202863,14.105199488978146,150.0,30.0
350.52634,1380,45.031715,10,0.70893294,5.202863,13.89263980890482,690.6518659932802,324.4996147917591
33.301167,1654,30.981052,10,0.712984,5.202863,14.584907090247906,2317.584949899356,247.38633753705963
23.174408,1492,33.084953,10,0.78517395,5.202863,15.034953833252391,1704.7287174210446,30.0
11.037406,1494,25.561445,10,0.73808277,5.202863,14.48533790235178,1784.4326829555662,30.0
147.33566,2046,49.08283,30,0.63017446,5.202863,14.7109296822239,3902.537635949204,212.1320343559643
133.8202,2019,41.618317,30,0.6051291,5.202863,14.650782059969156,3869.0696556149,150.0
141.33174,2008,40.366173,10,0.6686207,5.202863,14.684538552618868,3836.4827641995216,94.8683298050514
25.710175,1786,40.17852,10,0.7884008,4.6328516,14.56736349164544,4206.209695200657,90.0
343.49646,1155,35.340446,10,0.74422514,4.586505,13.836044481439068,60.0,60.0
298.3406,1191,50.83398,10,0.48671025,4.586505,14.328161487284763,180.0,0.0
3.0835013,1481,34.24986,10,0.6979257,4.586505,14.535971599706327,342.05262752974136,391.15214431215895
356.9165,1459,34.24986,10,0.6857143,4.586505,14.33622454545234,276.5863337187866,335.4101966249685
281.3985,1477,46.79791,60,0.55872613,4.586505,13.72330972596445,201.24611797498108,323.10988842807024
18.481398,1301,36.9063,10,0.67602926,4.586505,14.45327373283105,60.0,308.86890422961005
312.6884,1435,29.81311,10,0.63731825,4.586505,14.373995337968102,469.5742752749559,218.40329667841556
13.86459,1511,42.522247,60,0.5818354,4.586505,14.428854891340732,570.0,276.5863337187866
3.6985564,1710,29.585938,10,0.5889764,4.586505,14.815904059362166,810.0,120.0
350.23273,1813,37.07432,10,0.47319657,4.586505,14.644891427868814,930.0,0.0
340.34192,1807,33.152813,10,0.6424581,4.586505,14.573131034031633,915.8602513484248,30.0
25.676262,1889,35.695484,10,0.64021665,4.586505,14.785351535005072,1230.0,180.0
331.10983,1824,37.16353,10,0.6644697,4.586505,14.614382192488351,1181.8629362155325,60.0
36.025055,1738,29.267809,30,0.33739132,4.586505,14.948425440207926,989.5453501482384,30.0
2.1594589,1680,25.918743,60,0.32019705,4.586505,15.054509991426713,926.120942425988,60.0
16.858353,1325,43.447433,10,0.6971882,4.586505,14.12009076486115,615.5485358604958,84.8528137423857
22.625198,1420,33.680378,60,0.57022,4.586505,14.451616249642974,1872.778684201633,152.97058540778357
353.27954,1615,38.03923,10,0.71086675,4.586505,14.27264927400632,2716.615541441225,313.20919526731655
17.497873,1587,45.99535,10,0.49659863,4.586505,14.4603950268821,2740.5291459862274,362.4913792078372
357.60092,1634,23.627129,60,0.09520654,4.586505,15.156100988611392,3408.005281686048,730.5477397131552
24.019285,1556,30.320738,30,0.53495216,4.586505,14.795385510891563,3060.1470552899905,510.8815909777921
30.725195,1837,48.010895,60,0.3840739,4.586505,14.308135717864788,4061.095911204265,577.0615218501403
327.27106,1930,40.254032,30,0.5718182,4.586505,14.32439886466884,4618.148979840299,458.91175622335066
19.190533,1844,33.761517,10,0.50650346,4.586505,14.3962498632611,4393.2334333609,547.4486277268397
340.20773,2730,37.12497,30,0.6706444,4.586505,14.939081981197956,6404.701398191801,740.9453421137081
353.2099,1912,31.777401,10,0.7904915,4.586505,15.062521187252642,3818.61231339344,445.9820624195552
-0.0,1960,40.089466,10,0.7196893,4.586505,14.655668752740098,3818.61231339344,391.15214431215895
31.496264,1697,42.341846,60,0.19941205,4.586505,14.443981140883215,1080.4165863221465,408.0441152620633
31.93547,1534,43.06591,60,0.46145833,4.586505,14.308395456566892,865.8521813797087,429.5346318982906
353.79187,1244,40.255577,10,0.6876694,4.586505,14.09022149170321,120.0,84.8528137423857
244.25693,1565,33.856167,10,0.833607,4.586505,14.675466735139514,833.5466393669882,283.0194339616981
252.47815,1525,38.886646,10,0.79063547,4.586505,14.44920177951442,618.4658438426491,420.0
87.02295,1704,43.077972,30,0.51000327,4.586505,14.60690489185902,1916.7159413955944,283.0194339616981
182.81607,1651,48.19663,30,0.3979239,5.202863,14.220774393037155,1284.0560735419615,161.55494421403512
209.1667,1479,54.275158,30,0.5028587,5.202863,14.250702752125685,1087.0602559196063,84.8528137423857
190.6779,1441,49.86476,30,0.25984752,5.202863,14.0122509365492,914.3850392476904,123.69316876852982
188.21812,1639,37.55017,30,0.52492213,5.202863,14.572987487164443,885.889383614004,60.0
200.66376,2208,37.902,60,0.117232546,5.202863,14.95632788271073,1950.0,108.16653826391968
195.79208,1334,45.26701,30,0.48224044,5.202863,14.100457508802904,375.8989225842501,152.97058540778357
157.47076,1233,46.438393,10,0.3706701,4.586505,14.145093438055843,0.0,161.55494421403512
162.38225,1201,44.071705,60,0.27663305,4.586505,14.053888169657307,0.0,216.33307652783932
194.9065,1359,40.50816,30,0.4942623,4.586505,13.975059081238678,90.0,67.0820393249937
129.80766,1249,39.84179,30,0.4945935,4.586505,14.472526985101569,0.0,84.8528137423857
139.16513,1259,57.010372,60,0.39789304,4.586505,13.65629751097413,0.0,254.5584412271571
160.99747,1633,38.222412,30,0.18888618,4.4041653,14.554152005930211,720.0,30.0
157.37016,1423,33.68127,60,0.30507764,4.4041653,14.416791442287805,150.0,60.0
196.94188,1898,41.346268,10,0.5222729,4.4041653,14.682562777928654,1176.5202930676546,134.1640786499874
178.70369,2211,38.993484,30,0.2875564,5.202863,14.872558660017836,2288.274459062986,123.69316876852982
188.57861,1857,36.378765,60,0.49459264,5.202863,14.855291352055389,2658.006772000402,241.86773244895647
228.52684,1728,45.75203,30,0.30183727,5.202863,14.064064090063855,1507.4813431681334,174.92855684535903
228.527,1752,26.052124,10,0.63285667,5.202863,15.052804113038688,1555.6670594957009,268.3281572999748
135.42154,1781,35.16537,30,0.41881487,5.202863,14.035700356358914,1761.8456232031228,300.0
157.26498,1752,25.355808,30,0.3948052,5.202863,15.0516745859113,1677.0509831248423,247.38633753705963
164.76395,1782,42.176067,30,0.5944294,5.202863,14.780518846506842,1724.673882216577,342.05262752974136
161.59505,1585,41.025948,10,0.46414158,5.202863,15.137815851637717,1764.652940382329,0.0
199.19272,1422,41.710762,10,0.40435356,4.586505,14.73862047132086,30.0,120.0
178.30956,1446,61.766853,30,0.22849542,4.586505,13.764190998993568,90.0,240.0
257.54138,2098,39.536015,10,0.47632313,4.4041653,14.743648136883946,1200.74976577137,30.0
312.15512,2084,63.73053,10,0.6706337,4.4041653,14.313833699764931,1225.6018929489296,90.0
242.72713,2174,36.570362,10,0.62234956,4.4041653,14.8897868762732,1425.2368224263644,60.0
239.90616,2078,52.246605,30,0.49130833,4.4041653,14.38058254417301,1464.7866738880443,0.0
245.05386,2151,49.026108,30,0.3341108,4.4041653,14.442232394136186,1794.4915714485817,150.0
232.60384,2430,40.462128,60,0.13709924,4.586505,14.816461437058418,2855.678553338943,445.9820624195552
218.81702,2405,43.07381,10,0.50549775,4.586505,14.89934787088346,2906.441122747888,342.05262752974136
193.81737,2439,37.482002,60,0.11772316,4.586505,15.05102601306996,3156.707145111817,300.0
265.6047,2430,40.194553,10,0.73739356,4.586505,14.867786741670525,3412.75548494175,90.0
224.70871,2284,36.08751,30,0.39053482,4.586505,14.958865613470511,3377.3658374537986,90.0
237.72987,1905,53.76074,30,0.46454266,4.586505,14.204417926267988,4167.733196834942,483.73546489791295
261.4429,1903,41.034367,10,0.7728843,4.586505,14.60561126805409,4082.315519408072,361.2478373637689
217.68803,2030,39.986233,30,0.74768895,4.586505,14.44371720487204,3662.703919237808,182.48287590894657
213.83725,1434,57.64663,30,0.46987316,4.586505,13.72062927228326,2024.2776489404805,212.1320343559643
215.41795,1265,34.808037,60,0.30789614,4.586505,14.30694385784367,360.0,108.16653826391968
182.55707,1327,50.92271,60,0.20878136,4.586505,13.752890000122555,300.0,60.0
249.16444,1255,54.67126,60,0.33333334,4.586505,13.81219191061876,551.5432893255071,84.8528137423857
227.40817,1247,31.877373,30,0.51448363,4.586505,13.809992421911303,711.1961754677818,108.16653826391968
202.07478,2154,42.79413,60,0.31351003,4.586505,14.87274288421376,3585.2196585425554,30.0
196.11008,2087,38.37654,30,0.46347097,4.586505,14.64086689186902,3877.434718986253,94.8683298050514
258.02164,2072,54.538708,10,0.399978,4.586505,14.246151362132002,4212.944338583173,296.98484809835
220.0061,2107,33.230385,30,0.6951673,4.586505,15.038558111549916,4307.690796703031,318.9043743820395
220.04079,2377,36.50327,30,0.3914819,4.586505,15.28468829305853,5251.371249492841,150.0
155.65475,2194,23.950445,30,0.37906137,4.586505,15.423815558449428,5461.071323467585,318.9043743820395
161.65689,2247,44.687492,30,0.5264256,4.586505,15.485725688991868,5739.416346633167,180.0
239.77287,2519,42.999405,30,0.5129274,4.215698,14.870505576837976,6177.159541407362,30.0
171.6955,2481,26.891321,30,0.56524545,4.586505,15.40429432781235,6006.0719276412265,30.0
224.44275,2685,34.223763,10,0.5594486,4.4041653,14.89821923867548,3086.5028754239,349.85711369071805
272.46823,2818,36.93488,10,0.63349026,4.4041653,15.242752555221204,2760.8150970320344,189.7366596101028
209.50208,2837,42.921917,30,0.51709986,4.4041653,15.2497137944951,2880.1562457616774,169.7056274847714
204.06102,1634,33.966938,10,0.7112513,4.607892,14.691969592234654,5406.745786515212,30.0
198.13039,1640,32.91384,10,0.80975246,4.607892,14.737814282637116,5376.783425060005,0.0
164.72841,1667,25.948904,10,0.7203431,4.607892,14.946636128568386,5315.420961692497,0.0
189.3671,1650,38.22092,10,0.6555055,4.607892,14.6339661405683,5348.420327535972,30.0
220.80199,1598,39.0982,10,0.81265914,4.607892,14.492654233078357,5292.258497087987,90.0
193.94456,1577,34.366356,10,0.74833,4.607892,14.652632367065015,5646.459067415613,212.1320343559643
81.39275,1810,32.982765,30,0.43000987,4.90307,14.833744001634845,0.0,730.5477397131552
104.25103,1942,54.08972,30,0.5065094,4.90307,14.469433202570867,0.0,458.91175622335066
194.5663,2166,45.574215,10,0.667146,4.5957475,14.55925316402078,2053.411795037712,108.16653826391968
203.15773,2260,38.38935,10,0.74242425,4.5957475,14.943893004648707,2482.941803587028,0.0
185.87674,2257,35.60361,10,0.74398816,4.5957475,15.033029304616566,2284.7319317591728,30.0
219.54797,1006,28.626867,10,0.6759026,4.136266,14.43224832555138,5940.3030225738485,174.92855684535903
211.64719,954,22.701517,30,0.489815,4.136266,13.925747686369167,5918.521774902919,182.48287590894657
206.78802,1012,40.440735,30,0.45369393,4.136266,13.987868416564275,5961.249868945271,270.0
217.57216,970,43.828705,30,0.4152137,4.136266,14.240632932915256,5919.4340945735685,276.5863337187866
235.75652,864,40.794987,30,0.60613286,4.263062,13.818669941452931,4434.828068820707,60.0
226.86511,889,40.44225,10,0.5125704,4.263062,13.780837159243456,4941.902467673761,210.0
334.15787,1176,26.730757,10,0.5379291,4.263062,14.5881205378531,5316.013544000805,0.0
144.03903,3224,44.998985,30,0.39716023,4.4309444,14.987952292565272,4074.923312161837,268.3281572999748
135.23016,3523,42.366756,30,0.2288367,4.4309444,15.516874867350648,5588.139225180418,960.4686356149272
184.97891,2673,40.196217,10,0.63482535,4.568584,14.966316294438665,924.1753080449618,524.785670536077
226.98608,2398,53.0376,10,0.6398942,4.568584,14.549670510467964,534.1348144429458,108.16653826391968
229.47276,3040,37.67742,30,0.45147678,4.90307,15.004597553984857,558.0322571321483,750.0
196.13605,3081,38.380196,10,0.5276034,4.90307,15.22166283091761,816.0882305241266,990.4544411531506
108.87997,1673,30.97694,10,0.78732306,4.625964,14.466719866062911,420.0,30.0
79.472115,2137,35.327858,10,0.83504015,4.835017,14.468500673119271,7041.888951126679,276.5863337187866
114.492714,2362,31.994787,10,0.79759973,4.835017,15.0529769448369,7997.405829392428,764.8529270389178
105.68752,2433,39.968147,10,0.8040254,4.835017,14.84640529746723,8010.898825974523,660.0
116.84322,2248,57.02809,10,0.7000417,4.835017,14.581214192614263,7662.284254711515,276.5863337187866
126.63859,1739,40.95887,10,0.8129918,4.5826526,14.50216333705932,660.0,0.0
86.01165,1699,34.923252,60,0.39183673,4.5826526,14.703964098462292,600.7495318350236,30.0
150.89432,2539,47.54713,10,0.41390964,4.835017,14.442464147019908,5814.894668005603,450.0
134.64365,2494,56.66658,10,0.746232,4.835017,14.826163084776972,5762.811813689564,510.0
135.6323,2812,26.481478,60,0.3666341,4.835017,15.540315649320668,6251.88771492259,182.48287590894657
123.51221,2536,23.739595,30,0.7686932,4.835017,15.036853887109162,5858.224987144144,228.4731931759173
228.555,1898,35.345715,10,0.7712889,4.772528,14.853643233735228,1868.6893802876923,468.61498055439927
241.48164,1983,53.596897,10,0.46185163,4.772528,14.294088260802814,2447.5293665245367,127.27922061357854
118.69384,2053,46.265484,10,0.87262946,4.835017,14.490763762463812,6183.566931795919,606.7124524847005
59.52075,2011,24.075098,10,0.8598563,4.835017,15.321439387966011,5840.145546131535,840.0
203.41446,2074,50.183758,10,0.6426609,4.758372,14.484599856229302,3904.1516363993856,934.3446901438462
117.62572,2471,48.16679,10,0.6857264,4.5461755,14.614810240449838,5836.754235017952,607.4537019394976
121.93981,2259,47.766895,10,0.8359655,4.987441,14.528754564226157,5581.048288628222,551.5432893255071
131.44963,2202,43.6429,10,0.81139976,4.987441,14.664650404595486,5503.426205555954,474.3416490252569
145.60226,2312,40.150555,10,0.615041,4.987441,14.683304384115573,5700.9472897054575,684.7627326307996
133.86282,2174,40.838963,10,0.81669146,4.987441,14.743382319651234,5500.727224649483,547.4486277268397
157.45059,2695,46.442574,10,0.71999377,4.726099,14.794467242086654,5546.350151225578,180.0
176.33234,2782,40.686066,10,0.7396016,4.835017,14.988237236265492,5626.259858911602,42.42640687119285
182.447,2932,40.653835,30,0.42798996,4.835017,15.024308505980294,5846.383497513655,30.0
245.66411,2043,39.520382,10,0.7290651,4.726099,15.085899444871345,6388.802704732711,30.0
221.84818,2864,43.05875,30,0.62312204,4.726099,15.13597762974054,8281.35858419378,991.8165152889924
208.34013,2654,49.20477,30,0.67474,4.726099,15.26624877013043,7650.0,429.5346318982906
213.38458,2831,46.836853,30,0.38876423,4.726099,14.788938792166809,7740.0,582.494635168428
207.43607,2387,41.201576,10,0.84255797,4.726099,14.814290703312574,8336.815938954152,624.2595614005444
208.34038,2144,37.6851,10,0.7774455,4.726099,14.961983436525244,7866.752824386946,182.48287590894657
183.16243,2134,33.61242,10,0.7951513,4.726099,15.446129131491688,7896.898125213468,150.0
182.02715,2147,27.3992,10,0.72225994,4.726099,15.5172507225552,7915.964881175258,189.7366596101028
185.39172,2545,37.970833,30,0.5366066,4.726099,14.7070731357107,7915.964881175258,670.820393249937
178.84145,2397,42.198612,30,0.52039814,4.726099,14.830006382810245,7280.116757305476,228.4731931759173
168.24637,2973,39.01399,60,0.35580912,4.541609,15.202666997240447,10639.219896214196,732.3933369440222
189.38078,3194,38.22202,30,0.3543338,4.541609,15.12957743392144,10921.030171188064,1015.135458941318
184.6261,3212,48.664318,30,0.43734115,4.541609,15.035599301539625,10867.497412007971,952.9428104561156
153.63661,3013,40.93203,10,0.45217827,4.541609,14.883790967693471,10591.742066345838,697.7822009767805
175.30717,3092,48.25782,30,0.4787695,4.541609,14.754071897375756,10673.635744206376,780.0
124.567535,2368,42.395706,30,0.58468086,4.726099,14.91844189126294,9327.684600156676,283.0194339616981
122.58971,2427,32.25758,10,0.6416769,4.726099,15.157668748118333,9363.893421008166,241.86773244895647
139.05403,2331,45.207745,10,0.7982192,4.726099,14.802127000179992,9231.278351344412,150.0
91.827576,2862,56.706886,60,0.30511945,4.541609,15.05241711920622,10376.748045510212,635.6886030125128
87.80196,3037,40.168846,60,0.13770033,4.541609,15.170628648507448,10571.66968836995,891.9641248391104
219.44403,2803,42.68614,10,0.55576384,4.215698,14.59220507522542,6795.778101144858,324.4996147917591
194.36575,2540,41.52953,30,0.28589422,4.215698,14.94723542242231,6470.270473480997,60.0
185.17094,2579,39.100624,30,0.32518494,4.215698,14.937152369840607,6527.051401666759,60.0
106.95269,2576,29.037737,10,0.7045363,4.586505,15.274313873898803,5531.482622227065,94.8683298050514
282.45813,1571,34.032967,30,0.53589165,4.4041653,14.653837883447274,390.0,234.30749027719963
286.92014,1638,49.43188,10,0.5385634,4.4041653,14.152205135789242,349.85711369071805,123.69316876852982
296.71143,1730,55.891758,10,0.44923076,4.4041653,13.85323338697166,531.6013544000805,120.0
297.7643,1677,44.215935,10,0.5772595,4.4041653,14.347596118436991,456.9463863518345,284.60498941515414
341.58984,1541,55.41105,60,0.5196172,4.4041653,13.892425146924062,453.9823785126467,150.0
276.87216,1567,39.06714,30,0.39430362,4.4041653,14.068810563650366,390.0,120.0
255.4283,1390,43.98322,10,0.6922834,4.586505,14.462502825291333,0.0,189.7366596101028
