sample_id,longitude,latitude,Slope,Elevation,Aspect,NDVI,LULC,Rainfall,River Proximity,Road Proximity,TWI,removal_reason
82,85.59579450459191,27.744547769141345,,0.0,,,0.0,4.508334636688232,502.8916384272063,0.0,,missing_or_nodata_raster_value
102,85.4416497904068,27.94244289990381,0.0,0.0,0.0,,0.0,,,,,missing_or_nodata_raster_value
157,85.94748488129736,27.72154731455571,,2595.0,,,10.0,4.780183792114258,8513.342469324254,108.16653826391968,,missing_or_nodata_raster_value
856,85.4619421629737,27.86082061710463,,0.0,,,0.0,4.607892036437988,8455.796828211993,0.0,,missing_or_nodata_raster_value
857,85.46172042557187,27.861378300122865,,0.0,,,0.0,4.607892036437988,8481.249907885041,30.0,,missing_or_nodata_raster_value
0,85.86963495896583,27.7565803612722,36.5091552734375,843.0,336.708740234375,0.6159420013427734,10.0,5.7190961837768555,0.0,90.0,14.079446170248733,Rainfall_iqr_outlier
7,85.82579963899676,27.81707900635043,40.71978759765625,2445.0,199.89060974121094,0.5573088526725769,10.0,6.791383266448975,4755.638758358335,241.86773244895647,15.232722737342554,Rainfall_iqr_outlier
11,85.87597443814387,27.826620852635305,27.655017852783203,1093.0,227.1856231689453,0.20829154551029205,30.0,5.761692047119141,120.0,67.0820393249937,14.324327371844417,Rainfall_iqr_outlier
17,85.58015971832111,28.034043419625466,46.6426887512207,3086.0,128.8065185546875,0.35403209924697876,30.0,4.835017204284668,8879.391871068648,1456.4683312726027,14.898659052673848,Road Proximity_iqr_outlier
40,85.84942197922433,27.82314192853374,23.2856502532959,1454.0,19.891643524169922,0.46564269065856934,10.0,5.761692047119141,2040.2205763103163,108.16653826391968,15.024110909120688,Rainfall_iqr_outlier
42,85.83175875213708,27.757413640534413,34.24977493286133,869.0,183.08018493652344,0.4440745711326599,10.0,5.668778419494629,0.0,30.0,13.94617299000624,Rainfall_iqr_outlier
43,85.5890194462875,27.93641065513173,35.963287353515625,2135.0,203.8319091796875,0.799592912197113,10.0,5.441863059997559,3420.0,313.20919526731655,14.762608733042848,Rainfall_iqr_outlier
53,85.98240206496537,27.822325467093787,20.268213272094727,2863.0,97.55673217773438,0.40125173330307007,30.0,4.383127212524414,9511.703317492615,702.9224708315988,15.86297994591144,TWI_iqr_outlier
55,85.87433748294748,27.82798322281872,34.95750045776367,1128.0,198.3123321533203,0.3548762798309326,30.0,5.761692047119141,0.0,108.16653826391968,14.034141414166436,Rainfall_iqr_outlier
78,85.65245447001298,27.75765641335188,31.240522384643555,1205.0,219.2936248779297,0.48783406615257263,10.0,3.9692416191101074,3630.0,60.0,14.420849268834798,Rainfall_iqr_outlier
81,85.87140872271326,27.75760878465404,39.12752151489258,830.0,308.0889892578125,0.6147128939628601,10.0,5.7190961837768555,60.0,108.16653826391968,13.659179031315947,Rainfall_iqr_outlier
84,85.95680462431424,27.98813323296377,41.63019561767578,3011.0,143.262939453125,0.3425990343093872,30.0,4.106739044189453,1214.9074038789952,1323.0646242719968,15.315973873323081,Road Proximity_iqr_outlier
89,85.70985614641671,27.657254709181228,25.56051254272461,848.0,122.78861999511719,0.25142350792884827,30.0,3.5520360469818115,300.0,108.16653826391968,14.077065050164004,Rainfall_iqr_outlier
113,85.83607680786129,27.71479479765839,25.30084228515625,1217.0,41.116661071777344,0.6646603345870972,10.0,5.7190961837768555,4036.0872141221134,108.16653826391968,14.764792566320542,Rainfall_iqr_outlier
114,85.81505513082448,27.74083251658202,35.507591247558594,1175.0,268.699951171875,0.7526220679283142,10.0,5.668778419494629,570.0,323.10988842807024,14.496977272990478,Rainfall_iqr_outlier
118,85.99351272968036,27.78188861758532,33.61225128173828,2228.0,356.8441162109375,0.8823529481887817,10.0,4.674496173858643,13755.842395142508,517.880295048962,14.611625532323519,River Proximity_iqr_outlier
119,85.99446485697034,27.781124864093396,55.1973876953125,2272.0,8.041824340820312,0.9456574320793152,10.0,4.674496173858643,13639.017559927108,450.0,15.962959467667268,River Proximity_iqr_outlier;TWI_iqr_outlier
120,85.99818880535956,27.781877901385467,27.530473709106445,2285.0,306.1616516113281,0.8399999737739563,10.0,4.674496173858643,13216.48970037052,617.7378084592201,14.561741223247687,River Proximity_iqr_outlier
121,85.99697833508355,27.780560854164285,44.11864471435547,2380.0,23.343103408813477,0.8204444646835327,10.0,4.674496173858643,13374.550459735086,416.7733196834941,14.717300596723796,River Proximity_iqr_outlier
123,86.01842175892799,27.753032017917207,13.1620454788208,2894.0,128.53614807128906,0.8143418431282043,10.0,4.0183281898498535,11613.759081365517,1347.3306943731372,15.755095798506614,Slope_iqr_outlier;Road Proximity_iqr_outlier
124,86.02043579387657,27.75293314351415,18.729650497436523,2829.0,283.8108215332031,0.8272907137870789,10.0,4.0183281898498535,11415.97564818706,1266.0568707605514,15.66203777711957,Road Proximity_iqr_outlier
125,86.00233723221726,27.760167043198415,55.961669921875,1986.0,156.70811462402344,0.5189067721366882,10.0,4.674496173858643,13112.05933482609,161.55494421403512,14.129582241343265,River Proximity_iqr_outlier
149,85.8710403760774,27.76733041600652,18.3397274017334,1086.0,129.407958984375,0.4809364676475525,10.0,6.045157432556152,458.91175622335066,218.40329667841553,14.742329598507547,Rainfall_iqr_outlier
155,85.88100148791175,27.84970360734243,51.499298095703125,1012.0,312.0351257324219,0.614626407623291,10.0,4.586504936218262,0.0,30.0,13.006683320436904,TWI_iqr_outlier
167,85.91881670338448,27.757483151340622,68.265625,1836.0,241.05393981933594,0.6819523572921753,10.0,4.780183792114258,3544.192432698879,192.09372712298546,13.515861436531557,Slope_iqr_outlier
185,85.85358397487711,27.77535685146232,47.09770202636719,1951.0,186.83555603027344,0.7012549638748169,10.0,6.045157432556152,1920.0,276.5863337187866,14.487785904894622,Rainfall_iqr_outlier
186,85.84039313006416,27.814942076664764,40.1494026184082,2078.0,356.2679443359375,0.6980440020561218,10.0,5.761692047119141,3342.409310661996,697.7822009767805,14.830790571717538,Rainfall_iqr_outlier
187,85.87303789234429,27.828877915918085,33.781829833984375,1135.0,217.01092529296875,0.4650927484035492,30.0,5.761692047119141,0.0,84.8528137423857,14.34871520451277,Rainfall_iqr_outlier
188,85.83898110022498,27.81476460967863,60.72822570800781,2072.0,3.5290091037750244,0.6312757134437561,10.0,5.761692047119141,3488.911004883902,618.4658438426491,13.992120745687176,Rainfall_iqr_outlier
189,85.83724352434076,27.81495372830711,55.72265625,2138.0,41.387474060058594,0.6837513446807861,10.0,5.761692047119141,3663.0724808553814,630.0,14.212458807730759,Rainfall_iqr_outlier
190,85.83660649817153,27.815493670153536,56.48062515258789,2170.0,46.66767883300781,0.6793226003646851,10.0,5.761692047119141,3691.950703896248,690.0,14.17924975637473,Rainfall_iqr_outlier
191,85.83181257978977,27.819176325017864,55.534793853759766,2260.0,33.557559967041016,0.7147483825683594,10.0,6.791383266448975,4054.885941675795,127.27922061357854,14.514282961662143,Rainfall_iqr_outlier
192,85.82998042192558,27.81966629563388,58.11565017700195,2404.0,106.97929382324219,0.6474514603614807,10.0,6.791383266448975,4242.004243279349,30.0,14.511172271710022,Rainfall_iqr_outlier
193,85.83037305648102,27.820662440772303,59.16373825073242,2336.0,83.89786529541016,0.47709593176841736,30.0,6.791383266448975,4162.222963753864,30.0,13.55504822625195,Rainfall_iqr_outlier
194,85.82903032098974,27.82378096871553,67.63138580322266,2461.0,96.11865997314453,0.6059964299201965,30.0,6.791383266448975,4242.640687119285,90.0,13.903821709805186,Slope_iqr_outlier;Rainfall_iqr_outlier
195,85.8290137362237,27.82705347762771,38.67595291137695,2424.0,79.51329803466797,0.7501838803291321,10.0,6.791383266448975,4206.851554309945,30.0,14.624271355604266,Rainfall_iqr_outlier
196,85.82833043087264,27.820659495939317,23.942615509033203,2530.0,98.38512420654297,0.40355584025382996,10.0,6.791383266448975,4396.10054480104,94.86832980505139,15.46891936336392,Rainfall_iqr_outlier
244,85.49005456464833,27.85722496503544,12.52145004272461,1371.0,98.38235473632812,0.5457793474197388,60.0,4.607892036437988,5412.818119981494,30.0,14.914144344102485,Slope_iqr_outlier
282,85.54813569883477,27.804456245344557,12.372354507446289,1420.0,35.73218536376953,0.5491716861724854,10.0,4.967405796051025,2571.0892633278995,30.0,15.731036664494868,Slope_iqr_outlier
285,85.59615748966326,27.76555281973307,49.54072570800781,803.0,228.49563598632812,0.5774316191673279,10.0,4.549545764923096,60.0,60.0,13.453100580465879,TWI_iqr_outlier
299,85.63896515883685,27.806868078702912,12.76917839050293,1524.0,180.0,0.16371579468250275,60.0,4.497191429138184,6589.76479094664,42.42640687119285,15.875012979119019,Slope_iqr_outlier;TWI_iqr_outlier
326,85.9487681034803,27.981524836622977,29.2764835357666,2632.0,216.05300903320312,0.42111578583717346,30.0,3.8100929260253906,1583.1929762350514,174.92855684535903,14.6204389208866,Rainfall_iqr_outlier
377,85.57698069295331,27.9057606710705,45.26755905151367,2111.0,164.2040252685547,0.797335684299469,10.0,5.441863059997559,3030.0,60.0,14.551503783128858,Rainfall_iqr_outlier
389,85.61591141094094,28.060005423977724,24.6507568359375,3693.0,106.39134216308594,0.3019607961177826,100.0,4.772528171539307,9678.4761197205,4068.0707958441426,16.065292171876482,Elevation_iqr_outlier;Road Proximity_iqr_outlier;TWI_iqr_outlier
392,85.76685158752308,27.836372480731523,48.886959075927734,1126.0,132.69871520996094,0.4463350772857666,30.0,5.8279619216918945,480.0,42.42640687119285,13.992376637050663,Rainfall_iqr_outlier
393,85.75536061862623,27.857484641752965,72.0574951171875,1107.0,63.54142379760742,0.6248608827590942,10.0,5.343934535980225,120.0,212.13203435596427,13.502193908716265,Slope_iqr_outlier
394,85.75524442331856,27.85868317185659,62.438289642333984,1188.0,116.06226348876953,0.6788147687911987,10.0,5.343934535980225,0.0,161.55494421403512,13.258420207580476,TWI_iqr_outlier
399,85.76762751787453,27.83256541433336,35.00417709350586,1049.0,75.2699966430664,0.474850594997406,10.0,5.8279619216918945,390.0,313.20919526731655,13.744754118409372,Rainfall_iqr_outlier
401,85.58199795115016,27.93673849910318,34.29808807373047,1955.0,175.37767028808594,0.601195216178894,10.0,5.441863059997559,2640.0,0.0,14.868002777231235,Rainfall_iqr_outlier
402,85.58157888026888,27.936650843565165,37.48278045654297,1959.0,166.1760711669922,0.6209757328033447,10.0,5.441863059997559,2610.0,0.0,14.774276753212243,Rainfall_iqr_outlier
403,85.57906727594715,27.93572571936672,41.18292236328125,1859.0,177.5994415283203,0.50569087266922,60.0,5.441863059997559,2310.0,90.0,14.516172487255186,Rainfall_iqr_outlier
405,85.57859553428874,27.935606442465243,43.327022552490234,1829.0,199.28280639648438,0.6090812087059021,60.0,5.441863059997559,2280.0,94.86832980505139,14.475353943056318,Rainfall_iqr_outlier
406,85.56845957655254,27.914506629632992,28.959226608276367,1762.0,263.2803955078125,0.745623767375946,10.0,5.441863059997559,1745.4225849346626,169.7056274847714,14.795413887677842,Rainfall_iqr_outlier
407,85.60323161265487,27.924446528628312,38.804039001464844,2139.0,133.19166564941406,0.8568464517593384,10.0,5.441863059997559,2581.046299468493,330.0,14.794769549842856,Rainfall_iqr_outlier
408,85.6013946592492,27.928208877947743,27.843826293945312,2458.0,161.80987548828125,0.7546468377113342,10.0,5.441863059997559,2938.3158441529054,60.0,15.376899330720624,Rainfall_iqr_outlier
423,85.69691445544329,27.948477165024403,46.23162078857422,2602.0,203.81187438964844,0.5821014046669006,10.0,4.595747470855713,6180.0,1350.3332921912279,14.727695204771704,Road Proximity_iqr_outlier
426,85.68283546055602,28.01634526914785,43.80402755737305,2673.0,243.9707489013672,0.6593168377876282,30.0,4.758371829986572,6837.104650361876,2388.346708499417,14.842995414005262,Road Proximity_iqr_outlier
431,85.62682053593812,28.056744426738515,43.5096549987793,2976.0,134.35935974121094,0.46585628390312195,30.0,4.772528171539307,9148.376905222041,2906.905571221742,14.923701815628975,Road Proximity_iqr_outlier
440,85.82126273702326,27.74812612669185,37.84767150878906,784.0,-0.0,0.6791656613349915,10.0,5.668778419494629,240.0,271.66155414412253,13.982720913306816,Rainfall_iqr_outlier
473,85.52894813690615,28.009867946305164,4.6273674964904785,2100.0,-0.0,0.6226934194564819,30.0,4.726099014282227,8558.469489342122,174.92855684535903,15.446104044059643,Slope_iqr_outlier
478,85.53647300470347,28.028757000998205,20.61309814453125,2392.0,235.98008728027344,0.7751792073249817,10.0,4.726099014282227,10366.725616123926,1647.5436261295179,15.120821447541694,Road Proximity_iqr_outlier
479,85.68292177039872,28.024129328236366,40.782081604003906,2723.0,296.7676696777344,0.7819966077804565,10.0,4.758371829986572,7472.951224248691,3168.0909077865804,15.006877751926563,Road Proximity_iqr_outlier
484,85.58208544955649,28.121796667464952,30.88686752319336,4172.0,79.0802993774414,0.24339689314365387,30.0,3.858997106552124,8251.36352368504,550.7267925205746,15.890802417336744,Elevation_iqr_outlier;Rainfall_iqr_outlier;TWI_iqr_outlier
485,85.58304328701867,28.09498357470134,28.416032791137695,3958.0,153.83908081054688,0.19640764594078064,10.0,4.263921737670898,11250.159998862238,558.0322571321483,15.805665874740253,Elevation_iqr_outlier
486,85.58197607738425,28.04258727214567,32.1627311706543,3053.0,82.60469818115234,0.2710716724395752,60.0,4.835017204284668,9486.121441347881,2016.9283576765931,15.164745575756202,Road Proximity_iqr_outlier
488,85.79026108667699,27.83102423041015,35.28970718383789,1426.0,349.56951904296875,0.7598713636398315,10.0,6.791383266448975,1710.0,30.0,14.525875082737425,Rainfall_iqr_outlier
490,85.79358271177972,27.828997824563835,37.8243293762207,1617.0,343.56463623046875,0.6354259252548218,10.0,6.791383266448975,2070.217379890334,30.0,14.55900615975257,Rainfall_iqr_outlier
491,85.79331946753057,27.828849043757614,37.82432556152344,1637.0,343.5646667480469,0.6005035638809204,10.0,6.791383266448975,2040.2205763103163,30.0,14.555274765417748,Rainfall_iqr_outlier
492,85.79281387050753,27.829359215212456,46.66775131225586,1584.0,353.056884765625,0.48973527550697327,10.0,6.791383266448975,2010.0,67.0820393249937,14.403396534110087,Rainfall_iqr_outlier
493,85.79100394717436,27.83065145750102,43.347774505615234,1463.0,330.9997863769531,0.751503586769104,10.0,6.791383266448975,1800.0,60.0,14.549167164353154,Rainfall_iqr_outlier
518,85.73378858599219,27.86006745178117,70.15231323242188,1389.0,134.99334716796875,0.5763425827026367,30.0,4.696327209472656,2280.0,276.5863337187866,13.11019269642873,Slope_iqr_outlier;TWI_iqr_outlier
544,85.7574308300831,27.893108785533208,56.993316650390625,1121.0,99.07499694824219,0.37170615792274475,30.0,4.774409770965576,120.0,30.0,13.032288001100204,TWI_iqr_outlier
561,85.78056893007135,27.968175266248917,34.796695709228516,2225.0,116.26901245117188,0.42457231879234314,30.0,4.540307521820068,1272.7922061357856,1667.3631877908304,14.24151780509672,Road Proximity_iqr_outlier
567,85.76034025070406,28.03283670282528,34.550506591796875,2955.0,32.186195373535156,0.40345922112464905,60.0,4.903069972991943,1224.13234578619,1705.78427709954,14.673572451132971,Road Proximity_iqr_outlier
591,85.68179004646933,28.040324677150608,32.14484405517578,3447.0,191.7889404296875,0.32826682925224304,30.0,4.758371829986572,7988.003505257118,3498.57113690718,15.269598676101658,Road Proximity_iqr_outlier
630,85.78185915897257,27.941895521828027,65.64842987060547,1540.0,103.99150848388672,0.4145442247390747,30.0,4.540307521820068,180.0,543.3231082882451,13.66725321345305,Slope_iqr_outlier
633,85.7599013964793,27.958073692424,40.41331481933594,3033.0,155.86119079589844,0.35555365681648254,30.0,4.540307521820068,2978.9259809535383,1252.8367810692662,14.837528249743002,Road Proximity_iqr_outlier
634,85.7581036389388,27.95892592557806,34.45143508911133,3108.0,187.6759796142578,0.5312947034835815,10.0,4.540307521820068,3180.14150628553,1295.2219886953742,15.328450315371978,Road Proximity_iqr_outlier
635,85.73746402364516,28.111588773161436,22.93332290649414,4102.0,60.17341995239258,0.18689581751823425,100.0,4.176478385925293,4773.017913228485,4616.1997357133505,15.922009503690122,Elevation_iqr_outlier;Road Proximity_iqr_outlier;TWI_iqr_outlier
636,85.73565114787766,28.11178405479194,41.983150482177734,4232.0,92.06182861328125,0.26836225390434265,100.0,4.176478385925293,4839.214812343011,4710.095540432275,15.362940605061288,Elevation_iqr_outlier;Road Proximity_iqr_outlier
637,85.74020709011194,28.110542309158934,41.15629959106445,4076.0,50.97442626953125,0.3519645929336548,30.0,4.176478385925293,4576.647244435603,4384.620850199023,15.275525213920702,Elevation_iqr_outlier;Road Proximity_iqr_outlier
638,85.73791782129983,28.105921699278145,10.540796279907227,3984.0,150.45358276367188,0.34647393226623535,60.0,4.176478385925293,4155.406117336788,4027.1578066919606,16.332006975010007,Slope_iqr_outlier;Elevation_iqr_outlier;Road Proximity_iqr_outlier;TWI_iqr_outlier
639,85.73860838535104,28.103023420780765,28.244443893432617,3720.0,124.92784118652344,0.09054263681173325,60.0,4.176478385925293,3824.1469637031473,3709.94609125254,15.299687787389146,Elevation_iqr_outlier;Road Proximity_iqr_outlier
640,85.74074427895489,28.09549094480053,13.033387184143066,3442.0,119.308837890625,0.6715855598449707,10.0,4.176478385925293,2952.9815441346736,2870.7664481806946,16.13139520577475,Slope_iqr_outlier;Road Proximity_iqr_outlier;TWI_iqr_outlier
641,85.73743854093591,28.09603193316193,47.33228302001953,3671.0,101.18455505371094,0.4079762101173401,30.0,4.176478385925293,3152.8558482747035,3134.5334581082398,15.035328310324987,Road Proximity_iqr_outlier
642,85.74174266645349,28.092303452695923,42.169898986816406,3333.0,114.27043914794922,0.5523338317871094,30.0,4.176478385925293,2573.888109456198,2508.007177023224,15.104746272460126,Road Proximity_iqr_outlier
643,85.7381355572325,28.09079384440629,44.76187515258789,3432.0,101.29582214355469,0.4068107008934021,30.0,4.176478385925293,2608.6203249994046,2640.170449043016,15.703793746959155,Road Proximity_iqr_outlier
644,85.73761785524785,28.09244385431472,38.51344299316406,3581.0,112.73561096191406,0.4044000804424286,30.0,4.176478385925293,2794.512479843309,2821.4358046923558,15.198555696357698,Road Proximity_iqr_outlier
645,85.73991199705723,28.07966464263916,54.470088958740234,3174.0,84.6939926147461,0.36906376481056213,30.0,4.176478385925293,1509.8675438593943,1614.7135968957466,15.139656847543987,Road Proximity_iqr_outlier
646,85.73708392539623,28.06825119345693,29.21087646484375,3102.0,17.17523765563965,0.38352638483047485,60.0,4.635933876037598,1440.0,1612.7616066858736,15.356037230014913,Road Proximity_iqr_outlier
659,85.74350473842154,28.047318280681832,40.57101058959961,3509.0,48.569725036621094,0.5016489624977112,30.0,4.635933876037598,1431.2232530251877,1747.741399635541,15.491408251311388,Road Proximity_iqr_outlier
660,85.74422422672889,28.0392958039457,39.558353424072266,3327.0,11.526653289794922,0.5222716927528381,10.0,4.903069972991943,1992.0090361240834,1686.6831356244716,15.296082626164033,Road Proximity_iqr_outlier
661,85.74334576674258,28.090922367614105,40.42121124267578,3159.0,134.68699645996094,0.4055836498737335,30.0,4.176478385925293,2371.7082451262845,2280.7893370497854,14.70731108387022,Road Proximity_iqr_outlier
662,85.73625957156241,28.0822670588275,37.305419921875,3435.0,50.4047966003418,0.7536814212799072,10.0,4.176478385925293,2001.2496096189502,2106.418761785035,15.461439939696477,Road Proximity_iqr_outlier
663,85.74090035948828,28.076381298404723,48.04263687133789,3083.0,106.92230987548828,0.29577013850212097,30.0,4.176478385925293,1198.8744721612852,1328.4953895290719,14.838382302304545,Road Proximity_iqr_outlier
666,85.75191742862191,28.03666173481174,24.897422790527344,3215.0,56.07944869995117,0.5667908191680908,10.0,4.903069972991943,1574.9285698088026,1951.6147160748712,15.758139210555873,Road Proximity_iqr_outlier
667,85.7381126123145,28.033540111813867,26.455699920654297,3726.0,340.62847900390625,0.3683954179286957,10.0,4.635933876037598,2919.2636057745794,766.6159403508383,15.668548628284228,Elevation_iqr_outlier
668,85.73801072269912,28.100160069197265,44.07302474975586,3671.0,123.48835754394531,0.2716583013534546,100.0,4.176478385925293,3537.711124441904,3461.3292244454296,15.334806413073094,Road Proximity_iqr_outlier
670,85.74171353334485,28.01465432403184,33.57942199707031,3169.0,50.65620040893555,0.477083683013916,30.0,4.635933876037598,4118.859065323794,1290.0,15.38056720338119,Road Proximity_iqr_outlier
673,85.74519440245011,28.00850509563439,33.46000671386719,3049.0,28.140878677368164,0.6212226152420044,30.0,4.903069972991943,3810.3543142337826,1753.9099178692159,15.371233666120798,Road Proximity_iqr_outlier
674,85.7474627721323,28.00230805941343,30.168228149414062,3053.0,329.6908874511719,0.656339704990387,10.0,4.903069972991943,3728.337431081044,1481.8906842274162,15.527531306422881,Road Proximity_iqr_outlier
675,85.75513521017838,28.01341678311792,32.254310607910156,3065.0,41.935142517089844,0.5656331181526184,30.0,4.903069972991943,2670.0,1448.1022063376604,14.902731899795416,Road Proximity_iqr_outlier
679,86.00465330624203,27.75995246704555,43.568641662597656,2185.0,270.0,0.6440756320953369,10.0,4.674496173858643,12856.846425154186,349.85711369071805,14.811712147656293,River Proximity_iqr_outlier
685,85.73831165881731,28.08922084699379,50.54562759399414,3359.0,126.83509063720703,0.4621399939060211,30.0,4.176478385925293,2455.056007507772,2497.218452598811,14.835484645734148,Road Proximity_iqr_outlier
686,85.65354451803843,27.75259682201891,34.661624908447266,1210.0,39.41361999511719,0.35519495606422424,30.0,3.9692416191101074,3090.0,30.0,14.562519933884975,Rainfall_iqr_outlier
690,86.00180137709961,27.762614958074984,53.385135650634766,2283.0,220.72911071777344,0.7848984599113464,10.0,4.674496173858643,13110.308920845458,228.47319317591726,14.860287935900686,River Proximity_iqr_outlier
691,85.9999444394835,27.761518753871737,44.12274932861328,2093.0,221.31382751464844,0.6170340180397034,10.0,4.674496173858643,13341.23307644387,60.0,14.496431301438461,River Proximity_iqr_outlier
694,85.99996213872546,27.76922877364854,45.89092254638672,2499.0,199.6914520263672,0.592391312122345,30.0,4.674496173858643,13183.523808147806,657.9513659838393,14.70594870494192,River Proximity_iqr_outlier
696,86.00006622137583,27.78996378604455,56.68255615234375,2322.0,207.9745635986328,0.31606218218803406,30.0,4.674496173858643,12990.0,523.9274758971894,14.439591571015063,River Proximity_iqr_outlier
697,86.0101322078092,27.78794802151492,35.13774871826172,2558.0,206.2302703857422,0.698625922203064,10.0,4.674496173858643,11880.0,1590.0,14.820336249900965,Road Proximity_iqr_outlier
698,86.01171390160913,27.78816204898053,44.157630920410156,2658.0,224.20509338378906,0.48475348949432373,30.0,4.674496173858643,11700.0,1760.0568172647154,14.814413731527202,Road Proximity_iqr_outlier
700,86.01070913472306,27.79311477136237,41.38029861450195,2969.0,187.15892028808594,0.7536377906799316,30.0,4.674496173858643,11821.370478925022,1745.6803831171385,15.003880604409312,Road Proximity_iqr_outlier
701,86.01412928906919,27.783629275021067,42.33855438232422,2877.0,308.44866943359375,0.7361392378807068,10.0,4.605922222137451,11438.854837788615,1529.7058540778355,14.961392579910294,Road Proximity_iqr_outlier
702,85.99848955766383,27.80877753529882,57.97651290893555,2398.0,264.7719421386719,0.8291907906532288,10.0,4.383127212524414,13309.218609670517,450.99889135118724,14.565269701218533,River Proximity_iqr_outlier
730,85.99653091095998,27.791552829665072,60.506526947021484,2291.0,215.42263793945312,0.4351380467414856,30.0,4.674496173858643,13380.0,400.24992192379,14.410054887478541,River Proximity_iqr_outlier
731,85.99437113693946,27.791563972936007,43.51009750366211,2213.0,200.30177307128906,0.618276834487915,30.0,4.674496173858643,13650.0,169.7056274847714,14.728733360368953,River Proximity_iqr_outlier
737,85.77370773846549,27.741576031106447,68.29934692382812,1006.0,53.19337463378906,0.6988931894302368,10.0,4.70947265625,150.0,150.0,13.914734736695802,Slope_iqr_outlier
743,85.88154428405757,27.868788457139388,63.804168701171875,1125.0,269.543701171875,0.519914448261261,10.0,4.586504936218262,0.0,30.0,13.195632907116451,TWI_iqr_outlier
745,85.88167764816606,27.867257119080648,65.030029296875,1099.0,258.69732666015625,0.2116609513759613,60.0,4.586504936218262,0.0,0.0,13.207223499204794,Slope_iqr_outlier;TWI_iqr_outlier
764,85.88082824085535,27.85117744356181,69.6933822631836,1070.0,245.20887756347656,0.47416019439697266,30.0,4.586504936218262,0.0,30.0,12.912015792608427,Slope_iqr_outlier;TWI_iqr_outlier
767,85.87363430457064,27.832014095705368,28.21510124206543,1233.0,324.5494384765625,0.7375627756118774,10.0,5.761692047119141,180.0,120.0,14.65851517757307,Rainfall_iqr_outlier
768,85.87606867473066,27.82977002555629,38.27451705932617,1433.0,224.10537719726562,0.31413358449935913,30.0,5.761692047119141,174.92855684535903,67.0820393249937,14.11884461628518,Rainfall_iqr_outlier
769,85.87843426569844,27.82936128024392,52.69099426269531,1523.0,217.86203002929688,0.4056132137775421,30.0,5.761692047119141,394.58839313897715,67.0820393249937,14.144005875807647,Rainfall_iqr_outlier
771,85.87601452426058,27.82796954031711,60.26011657714844,1176.0,213.65957641601562,0.4202232360839844,30.0,5.761692047119141,120.0,0.0,14.415017860357452,Rainfall_iqr_outlier
772,85.87796240483975,27.827255879394283,57.60690689086914,1249.0,209.19337463378906,0.282633900642395,10.0,5.761692047119141,270.0,123.69316876852982,13.597842282534272,Rainfall_iqr_outlier
802,85.68400739803931,28.01976722471531,39.79150390625,2843.0,277.8190612792969,0.7363704442977905,10.0,4.758371829986572,7213.612132628147,2752.8167392690707,15.201613229352755,Road Proximity_iqr_outlier
805,85.88448755930031,27.84738824210315,65.78070068359375,1361.0,261.20416259765625,0.3207155764102936,30.0,4.941662311553955,150.0,424.26406871192853,13.44483521088013,Slope_iqr_outlier;TWI_iqr_outlier
812,85.8930563612039,27.80958432490992,68.0833740234375,1269.0,192.32972717285156,0.28811803460121155,10.0,4.941662311553955,234.30749027719963,60.0,12.801414039689291,Slope_iqr_outlier;TWI_iqr_outlier
817,85.87300995680928,27.827453369637208,47.42295455932617,1034.0,202.75694274902344,0.26634252071380615,30.0,5.761692047119141,0.0,30.0,13.577642959956462,Rainfall_iqr_outlier
818,85.87718039851354,27.82457848620259,37.143680572509766,1018.0,228.5110321044922,0.38127467036247253,30.0,5.761692047119141,0.0,60.0,14.315640163666787,Rainfall_iqr_outlier
819,85.8746717554089,27.82983465931788,46.006927490234375,1321.0,239.99244689941406,0.5681353807449341,10.0,5.761692047119141,90.0,30.0,13.914014381863417,Rainfall_iqr_outlier
850,85.6845323360672,28.02232106542943,28.693239212036133,2894.0,256.3136291503906,0.5744892954826355,30.0,4.758371829986572,7467.168137922166,3026.8795813510656,14.456369121215214,Road Proximity_iqr_outlier
942,85.68682784881065,27.90103398069803,35.15046310424805,2641.0,344.9217834472656,0.6412337422370911,10.0,4.5489630699157715,5921.866259888009,1321.3629327327144,15.23403999516815,Road Proximity_iqr_outlier
959,85.92203989594377,27.914834422004407,64.80020904541016,1605.0,157.17518615722656,0.27051350474357605,30.0,4.404165267944336,0.0,318.9043743820395,14.21696552494526,Slope_iqr_outlier
961,85.91900631858007,27.918043047890727,13.470938682556152,2000.0,57.273929595947266,0.46780550479888916,30.0,4.404165267944336,276.5863337187866,276.5863337187866,15.922515872607601,Slope_iqr_outlier;TWI_iqr_outlier
963,85.93375565125551,27.945311953165398,48.63265609741211,2263.0,199.8080291748047,0.2529814839363098,60.0,3.8100929260253906,593.9696961966999,67.0820393249937,14.537367537693152,Rainfall_iqr_outlier
964,85.93332077180852,27.94415406940496,33.88399124145508,2125.0,214.9599609375,0.1214270368218422,60.0,3.8100929260253906,550.7267925205746,84.8528137423857,14.964144134960291,Rainfall_iqr_outlier
965,85.93723388372118,27.93942172056468,26.0910587310791,1831.0,103.37920379638672,0.4019508957862854,30.0,3.8100929260253906,60.0,492.0365840057018,15.14381680999034,Rainfall_iqr_outlier
966,85.93867808630964,27.94030452316464,37.360069274902344,1817.0,158.89891052246094,0.25572800636291504,30.0,3.8100929260253906,0.0,468.61498055439927,14.68458579113631,Rainfall_iqr_outlier
967,85.95369376322907,27.976332108352917,53.767333984375,2088.0,152.8277587890625,0.47700920701026917,30.0,3.8100929260253906,810.5553651663778,67.0820393249937,14.304394573836685,Rainfall_iqr_outlier
968,85.93822670550573,27.96703523460763,27.00712776184082,2694.0,139.66317749023438,0.592903196811676,30.0,3.8100929260253906,1415.0971698084907,268.3281572999748,15.48448048993103,Rainfall_iqr_outlier
969,85.94279917788221,27.96771986018816,31.555912017822266,2462.0,147.5078125,0.7102272510528564,10.0,3.8100929260253906,1008.0178569846864,308.86890422961005,15.193897518501556,Rainfall_iqr_outlier
970,85.94457320890434,27.972956743489327,51.2049560546875,2361.0,51.34541320800781,0.6612421274185181,30.0,3.8100929260253906,1281.6005617976296,840.535543567314,14.590138779694518,Rainfall_iqr_outlier
971,85.9412847225472,27.974225675548997,51.22755813598633,2419.0,26.21125602722168,0.7579746842384338,10.0,3.8100929260253906,1632.1764610482533,976.7292357659824,14.431018058661614,Rainfall_iqr_outlier
972,85.94193248529658,27.97236500708207,32.491851806640625,2574.0,15.011902809143066,0.7207645177841187,10.0,3.8100929260253906,1429.0206436577464,816.0882305241266,15.588126777627101,Rainfall_iqr_outlier
973,85.94350627464202,27.974027439749705,33.090213775634766,2319.0,6.460079193115234,0.7674695253372192,10.0,3.8100929260253906,1447.7914214416385,859.5929269136641,14.97820819061736,Rainfall_iqr_outlier
974,85.93794459954731,27.971812203109067,47.04444885253906,2759.0,5.876992702484131,0.6834275722503662,10.0,3.8100929260253906,1710.263137648707,794.2921376924236,14.935659064856644,Rainfall_iqr_outlier
975,85.94246371883234,27.97775589140089,30.919395446777344,2506.0,180.0,0.5535783171653748,30.0,3.8100929260253906,1804.2449944505875,624.2595614005444,15.237222331728303,Rainfall_iqr_outlier
976,85.94538630054662,27.97744241058804,48.2701301574707,2283.0,108.5199203491211,0.28503936529159546,30.0,3.8100929260253906,1555.6670594957009,416.7733196834941,14.616964744033627,Rainfall_iqr_outlier
977,85.93561740826428,27.978978057620044,45.20346450805664,2882.0,139.06390380859375,0.5204196572303772,30.0,3.8100929260253906,2466.576574931336,1157.6268828944844,14.774575988698327,Rainfall_iqr_outlier
978,85.93125011578061,27.980239323098317,35.33299255371094,3038.0,111.42965698242188,0.2777567207813263,60.0,3.8100929260253906,2886.2432329933663,1546.3828762631847,15.309282878737168,Rainfall_iqr_outlier;Road Proximity_iqr_outlier
979,85.93004220058359,27.974427305784733,30.73272705078125,2949.0,99.40239715576172,0.48803481459617615,30.0,3.8100929260253906,2598.249410660955,1485.5302083767938,15.424311866884066,Rainfall_iqr_outlier;Road Proximity_iqr_outlier
980,85.91279461261774,27.948542090933746,37.521907806396484,2491.0,114.93516540527344,0.4518072307109833,30.0,3.8100929260253906,2604.995201531089,655.2098900352466,14.98767983912911,Rainfall_iqr_outlier
981,85.9149995603416,27.950335234744784,40.176513671875,2226.0,93.29717254638672,0.37066882848739624,30.0,3.8100929260253906,2497.0382456021775,390.0,14.792988663246632,Rainfall_iqr_outlier
982,85.91367060615873,27.95219345670322,47.00120544433594,2293.0,76.91357421875,0.6594670414924622,10.0,3.8100929260253906,2742.0065645435643,579.396237474839,14.581227893361348,Rainfall_iqr_outlier
987,85.93595425993612,27.94812463570615,58.43124771118164,2421.0,148.80496215820312,0.05658263340592384,60.0,3.8100929260253906,685.4195795277518,442.944691807002,14.483149382591272,Rainfall_iqr_outlier
998,85.99911778774172,27.75636328862198,59.322879791259766,2131.0,316.87103271484375,0.740577220916748,10.0,4.183233737945557,13564.01489235396,335.4101966249685,14.050987765502063,River Proximity_iqr_outlier
999,86.00139097195779,27.756915169597686,63.6804084777832,1978.0,36.02644348144531,0.9852786660194397,10.0,4.183233737945557,13287.663451487624,108.16653826391968,13.827116066694204,River Proximity_iqr_outlier
1001,85.85747445603948,27.818898317606106,45.11893844604492,1602.0,330.5188903808594,0.6741573214530945,10.0,5.761692047119141,1529.7058540778355,270.0,14.293520375035817,Rainfall_iqr_outlier
1002,85.85582482668622,27.817691188219936,40.94050598144531,1668.0,351.5066223144531,0.7546961307525635,10.0,5.761692047119141,1782.4140933015537,417.85164831552356,14.21617089224568,Rainfall_iqr_outlier
1003,85.8404315621926,27.82553984746233,35.001800537109375,1777.0,96.63736724853516,0.6867470145225525,10.0,5.761692047119141,2969.8484809835,201.24611797498108,14.792846642261145,Rainfall_iqr_outlier
1004,85.84351166814676,27.82875574630951,25.43534278869629,1690.0,74.19898223876953,0.31485944986343384,10.0,5.761692047119141,2580.6975801127883,94.86832980505139,14.800818637122369,Rainfall_iqr_outlier
1005,85.84716679621384,27.836661536615303,37.681190490722656,1915.0,146.96627807617188,0.3564516007900238,30.0,5.761692047119141,2224.4549894299953,465.72524088780074,14.730293646457566,Rainfall_iqr_outlier
1006,85.68424505277858,28.019239899547724,37.24617385864258,2869.0,278.57110595703125,0.7193692922592163,10.0,4.758371829986572,7193.809839021324,2686.8010719068875,15.074937185924732,Road Proximity_iqr_outlier
1007,85.85642327862834,27.839386584627043,31.900711059570312,1676.0,109.75983428955078,0.5813204646110535,10.0,5.761692047119141,1332.5539388707687,228.47319317591726,14.9167516168805,Rainfall_iqr_outlier
1008,85.85580527790499,27.83781841109404,38.27731704711914,1654.0,141.21762084960938,0.5241906046867371,10.0,5.761692047119141,1331.540461270329,108.16653826391968,14.550993593201119,Rainfall_iqr_outlier
1009,85.85225931116514,27.83894101423397,43.77251052856445,1933.0,138.0264434814453,0.5090457797050476,30.0,5.761692047119141,1738.188712424517,254.5584412271571,14.558462925402862,Rainfall_iqr_outlier
1010,85.85785404736188,27.81658193716185,48.98801040649414,1802.0,103.84652709960938,0.7449967861175537,10.0,5.761692047119141,1722.8464818433476,421.07006542854594,14.257815690932063,Rainfall_iqr_outlier
1011,85.857836290111,27.816235464201217,40.702919006347656,1797.0,90.0,0.7751815319061279,10.0,5.761692047119141,1747.483905505284,420.0,14.445124412125029,Rainfall_iqr_outlier
1012,85.85786882760543,27.81595138755784,38.349735260009766,1791.0,95.87184143066406,0.7514753937721252,10.0,5.761692047119141,1772.2866585290317,420.0,14.550201816202684,Rainfall_iqr_outlier
1013,85.85721875183206,27.815599216520862,44.88969802856445,1832.0,103.15010833740234,0.6036287546157837,10.0,5.761692047119141,1855.6400513030537,480.93658625644196,14.420806619990877,Rainfall_iqr_outlier
1014,85.8565694239692,27.81514716946375,40.141353607177734,1873.0,93.30128479003906,0.605653703212738,10.0,5.761692047119141,1932.1490625725542,573.149195236284,14.529815927746684,Rainfall_iqr_outlier
1015,85.8560988603152,27.814585287916618,37.297977447509766,1900.0,106.0373306274414,0.6613546013832092,10.0,5.761692047119141,2016.0357139693729,600.0,14.651332528664057,Rainfall_iqr_outlier
1016,85.98448226967813,27.804778590245185,13.729959487915039,1957.0,131.49412536621094,0.35728007555007935,60.0,4.383127212524414,9435.465012388102,308.86890422961005,15.891610826477,TWI_iqr_outlier
1017,85.86580399597072,27.779276044139458,39.17099380493164,1972.0,134.0594482421875,0.8303886651992798,10.0,6.045157432556152,1782.1616088334974,192.09372712298546,14.400854102752373,Rainfall_iqr_outlier
1018,85.86387955442639,27.77825755590819,43.73093795776367,1921.0,176.7108154296875,0.5702849626541138,10.0,6.045157432556152,1824.828759089466,161.55494421403512,14.36624192186012,Rainfall_iqr_outlier
1019,85.84957878054155,27.778765397365927,64.20278930664062,2115.0,226.48406982421875,0.3950705826282501,30.0,6.045157432556152,2310.0,150.0,13.943829736410636,Rainfall_iqr_outlier
1020,85.83828856321661,27.782952497655117,42.53480529785156,1832.0,243.8253936767578,0.3776932954788208,30.0,6.045157432556152,2760.0,510.0,14.533011493061537,Rainfall_iqr_outlier
1021,85.84173985394692,27.78340986619278,76.2823257446289,2017.0,229.00904846191406,0.45931681990623474,30.0,6.045157432556152,2820.0,284.60498941515414,15.113151430107354,Slope_iqr_outlier;Rainfall_iqr_outlier
1022,85.83541665013723,27.78908998449257,51.321285247802734,2244.0,220.13038635253906,0.7109867334365845,30.0,6.045157432556152,3450.0,606.7124524847005,14.333789862275452,Rainfall_iqr_outlier
1023,85.8359631143681,27.78830876356924,51.11814880371094,2227.0,217.22569274902344,0.5636363625526428,30.0,6.045157432556152,3360.0,540.0,14.443189881247521,Rainfall_iqr_outlier
1024,85.83854670913767,27.786144065548616,45.1231689453125,2073.0,177.9117889404297,0.44689738750457764,30.0,6.045157432556152,3120.0,361.2478373637689,14.609104806957832,Rainfall_iqr_outlier
1025,85.75983966060092,27.823270132929995,56.61677932739258,1279.0,77.6817626953125,0.4819767475128174,30.0,5.8279619216918945,780.0,30.0,13.414992110014099,Rainfall_iqr_outlier;TWI_iqr_outlier
1026,85.76067414160018,27.82457470788593,35.63252258300781,1224.0,95.18287658691406,0.47274985909461975,10.0,5.8279619216918945,690.0,60.0,14.719098184300192,Rainfall_iqr_outlier
1027,85.75326772586872,27.813657732152468,44.34357833862305,1231.0,66.57726287841797,0.7583320140838623,10.0,5.8279619216918945,1209.3386622447824,442.944691807002,14.397618649960624,Rainfall_iqr_outlier
1028,85.49556596492435,28.05473658090407,38.728851318359375,3496.0,66.19055938720703,0.3316790759563446,30.0,4.541608810424805,14623.884572848625,2702.66535109325,15.288504188978932,River Proximity_iqr_outlier;Road Proximity_iqr_outlier
1029,85.50848020990499,28.052192474193664,36.08009719848633,3158.0,181.4424285888672,0.40527480840682983,30.0,4.541608810424805,13760.029069736736,2739.0509305231985,15.282415064179144,River Proximity_iqr_outlier;Road Proximity_iqr_outlier
1030,85.51118494732133,28.051045288518058,18.87642478942871,3052.0,186.15924072265625,0.6044889092445374,30.0,4.541608810424805,13539.40914515844,2796.9268849935997,15.79522652991274,River Proximity_iqr_outlier;Road Proximity_iqr_outlier
1035,85.57984629678928,28.030443242744308,42.59189224243164,2834.0,123.08489227294922,0.41301679611206055,30.0,4.835017204284668,8614.232409216736,1318.9768762188364,14.855670966815053,Road Proximity_iqr_outlier
1036,85.58274720219899,28.11182314469274,23.811092376708984,4131.0,66.2017822265625,0.31030091643333435,100.0,4.263921737670898,9360.432682306946,421.07006542854594,15.879512062202748,Elevation_iqr_outlier;TWI_iqr_outlier
1037,85.58551856919526,28.111875716839013,37.36827087402344,3999.0,74.0045166015625,0.22891072928905487,60.0,4.263921737670898,9360.0,713.0918594402827,15.463144105361996,Elevation_iqr_outlier
1038,85.58405578714734,28.11641190666676,29.885604858398438,4136.0,81.90361022949219,0.2844036817550659,100.0,4.263921737670898,8850.0,513.5172830587107,15.38271364510467,Elevation_iqr_outlier
1039,85.58476948886603,28.11771220443321,27.154943466186523,4074.0,124.6152114868164,0.34497055411338806,30.0,3.858997106552124,8730.0,626.4183905346331,15.836261246795901,Elevation_iqr_outlier;Rainfall_iqr_outlier;TWI_iqr_outlier
1040,85.58466662207569,28.11849931502737,28.186534881591797,4065.0,45.99162292480469,0.18449197709560394,100.0,3.858997106552124,8640.0,626.4183905346331,15.812865309671817,Elevation_iqr_outlier;Rainfall_iqr_outlier
1041,85.58240362417686,28.11566949964104,17.66387367248535,4184.0,156.2064666748047,0.3070041537284851,100.0,4.263921737670898,8940.805332854528,331.36083051561786,16.4775497833195,Elevation_iqr_outlier;TWI_iqr_outlier
1042,85.58448289393073,28.115307672024077,24.45720672607422,4082.0,104.42655181884766,0.4125998318195343,100.0,4.263921737670898,8970.0,573.149195236284,15.629251617832551,Elevation_iqr_outlier
1043,85.58747585420423,28.08887425424537,40.825523376464844,3830.0,110.85472869873047,0.28373321890830994,30.0,4.263921737670898,11794.731874866848,785.175139698144,15.259236432108985,Elevation_iqr_outlier
1044,85.60927599025929,27.929183024169777,53.75258255004883,2178.0,226.49972534179688,0.7483787536621094,10.0,5.441863059997559,2239.5758527006847,67.0820393249937,14.830762062050681,Rainfall_iqr_outlier
1085,85.61447098614416,28.0152327224708,48.24284362792969,2747.0,133.9225311279297,0.5754292011260986,30.0,4.772528171539307,4965.883607174055,1328.4953895290719,14.712967097393374,Road Proximity_iqr_outlier
1110,85.62802436524669,28.022619164651765,25.414321899414062,2635.0,171.119384765625,0.7371447682380676,30.0,4.772528171539307,5373.602143813775,2147.6731594914527,15.585131388482454,Road Proximity_iqr_outlier
1111,85.64006220707844,28.02652899119133,41.012779235839844,1997.0,120.16983795166016,0.48239800333976746,30.0,4.772528171539307,5767.807208983324,1295.569372901351,14.46870719943893,Road Proximity_iqr_outlier
1112,85.63688182234534,28.02602277849642,49.906517028808594,2212.0,146.2347412109375,0.5825179219245911,10.0,4.772528171539307,5700.0,1529.7058540778355,14.745513665883319,Road Proximity_iqr_outlier
1113,85.63436313312812,28.031104798157735,58.87534713745117,2330.0,130.17489624023438,0.5150966048240662,30.0,4.772528171539307,6270.0,1389.7481786280564,14.16877654574379,Road Proximity_iqr_outlier
1114,85.62306929780557,28.03304175952435,42.73624801635742,2917.0,82.95540618896484,0.591650664806366,10.0,4.772528171539307,6579.513659838392,2489.2770034690793,14.969656986439672,Road Proximity_iqr_outlier
1115,85.6384844324278,28.01141023390771,65.33554077148438,2197.0,124.39791107177734,0.5747711062431335,10.0,4.772528171539307,4081.764324406788,713.0918594402827,14.722028363624188,Slope_iqr_outlier
1120,85.67882584139856,28.018071230879848,38.28162384033203,2461.0,248.3340606689453,0.8036127686500549,30.0,4.758371829986572,6683.80879439261,2384.386713601634,14.948327137143425,Road Proximity_iqr_outlier
1121,85.66205134696257,28.018908547926937,38.905704498291016,2850.0,237.21035766601562,0.6135537028312683,30.0,4.758371829986572,5626.6597551300365,1410.3191128251792,15.163275834310001,Road Proximity_iqr_outlier
1126,85.65886794662305,27.99900449308142,66.05608367919922,1973.0,177.66708374023438,0.12706737220287323,60.0,4.758371829986572,3612.4783736376885,713.0918594402827,13.87461035524967,Slope_iqr_outlier
1129,85.66622638321375,27.981700436096027,76.08636474609375,2073.0,241.7578887939453,0.24855604767799377,30.0,4.595747470855713,3303.4073318317865,182.48287590894657,13.427151265190728,Slope_iqr_outlier;TWI_iqr_outlier
1133,85.67110329126501,28.011881243871184,25.687063217163086,2786.0,72.36835479736328,0.41588690876960754,30.0,4.758371829986572,5585.88399449899,1530.0,16.44822462747316,Road Proximity_iqr_outlier;TWI_iqr_outlier
1134,85.67409785686178,28.021761674365237,25.224332809448242,2598.0,164.1879119873047,0.4747006595134735,30.0,4.758371829986572,6625.315086846813,2630.77935220725,15.523970349662774,Road Proximity_iqr_outlier
1135,85.67746734407002,28.027548509754197,45.26718521118164,3028.0,134.88206481933594,0.41879621148109436,30.0,4.758371829986572,7386.155969108694,3189.043743820395,14.912507873096887,Road Proximity_iqr_outlier
1136,85.62280891802976,28.05321706896717,47.49832534790039,3174.0,77.14329528808594,0.2888666093349457,100.0,4.772528171539307,8808.053133354726,2995.9472625531976,14.910758962492821,Road Proximity_iqr_outlier
1137,85.65081800222048,28.088057556845563,36.60856246948242,3505.0,62.76823425292969,0.36798956990242004,60.0,4.257054328918457,11205.712828731603,5609.037350562037,15.368190141539147,Road Proximity_iqr_outlier
1138,85.70271724052868,28.018961703126774,46.21394729614258,2801.0,167.8241729736328,0.2980104386806488,30.0,4.635933876037598,6972.983579501675,2262.962659877533,14.922802205887956,Road Proximity_iqr_outlier
1139,85.82649523460316,27.80841974795785,56.9807014465332,2035.0,257.2366638183594,0.6290223002433777,10.0,6.791383266448975,5031.600143095634,228.47319317591726,14.122008035564225,Rainfall_iqr_outlier
1140,85.82969485233119,27.808566953445144,44.886131286621094,2263.0,241.88031005859375,0.5491852760314941,30.0,6.791383266448975,4740.8543533839975,150.0,15.026267758179001,Rainfall_iqr_outlier
1141,85.83069126658764,27.80833766545423,47.01657485961914,2318.0,215.44468688964844,0.5262267589569092,10.0,6.791383266448975,4651.4513863954335,120.0,14.578551581588902,Rainfall_iqr_outlier
1142,85.82881729749852,27.81073390873914,61.65681076049805,2361.0,236.0240020751953,0.8283881545066833,10.0,6.791383266448975,4709.331162702406,134.1640786499874,13.925480023537604,Rainfall_iqr_outlier
1151,85.8694622794598,27.84302733611129,42.56032180786133,1425.0,170.82254028320312,0.38671875,30.0,5.761692047119141,647.6109943476871,123.69316876852982,14.245969530831351,Rainfall_iqr_outlier
1152,85.86657898599901,27.843496599984302,41.522464752197266,1468.0,161.93212890625,0.4404924809932709,30.0,5.761692047119141,858.0209787645055,123.69316876852982,14.543140618389218,Rainfall_iqr_outlier
1153,85.86418543668725,27.845364457766564,29.80938148498535,1658.0,132.6963653564453,0.4462403357028961,30.0,5.761692047119141,1190.9659944767525,0.0,14.88076972483233,Rainfall_iqr_outlier
1154,85.8647109698321,27.84532579215717,27.630023956298828,1636.0,143.51828002929688,0.3478411138057709,30.0,5.761692047119141,1152.5623627379127,0.0,14.962142299706688,Rainfall_iqr_outlier
1155,85.86304097041929,27.842425504742057,46.24349594116211,1555.0,135.47930908203125,0.19808562099933624,50.0,5.761692047119141,1065.3168542738822,0.0,14.234676614709427,Rainfall_iqr_outlier
1156,85.84909909729355,27.839372239152254,46.02940368652344,2079.0,149.1929168701172,0.34283319115638733,30.0,5.761692047119141,2096.7832506007862,590.9314681077662,14.505646853897549,Rainfall_iqr_outlier
1157,85.84839921408869,27.838141372403115,49.61049270629883,1990.0,161.85133361816406,0.6538594961166382,10.0,5.761692047119141,2110.260647408277,534.1348144429458,14.735270669643239,Rainfall_iqr_outlier
1158,85.83926779595288,27.832672908075537,42.032718658447266,1998.0,127.6301498413086,0.620608925819397,10.0,5.761692047119141,3060.0,474.3416490252569,14.579355561412166,Rainfall_iqr_outlier
1159,85.83648235967654,27.8297960080174,33.103553771972656,2059.0,107.33412170410156,0.6251403093338013,10.0,5.761692047119141,3360.0,120.0,14.71810790342217,Rainfall_iqr_outlier
1160,85.83711766737508,27.82930711486213,37.715572357177734,2022.0,58.44483947753906,0.7712486982345581,10.0,5.761692047119141,3300.0,60.0,14.787288633201186,Rainfall_iqr_outlier
1161,85.83781300223505,27.829015821515306,35.45244216918945,1977.0,50.464168548583984,0.5349119901657104,10.0,5.761692047119141,3210.1401838549045,30.0,14.969661811435879,Rainfall_iqr_outlier
1162,85.84266991351268,27.835296763960045,34.398616790771484,2042.0,145.84280395507812,0.4744425415992737,10.0,5.761692047119141,2680.7648162418127,576.2811813689564,14.81815627925735,Rainfall_iqr_outlier
1166,85.84623761115208,27.833535405275175,44.142059326171875,1796.0,140.110107421875,0.5303888320922852,10.0,5.761692047119141,2280.1973598791838,161.55494421403512,14.863360596978774,Rainfall_iqr_outlier
1167,85.84744341125291,27.833776561416958,42.11328887939453,1743.0,145.4591827392578,0.3919944763183594,10.0,5.761692047119141,2160.833172644293,150.0,14.666918068845037,Rainfall_iqr_outlier
1168,85.84838241547011,27.833935224992437,37.404502868652344,1709.0,136.03428649902344,0.29685264825820923,60.0,5.761692047119141,2040.882162203394,120.0,14.622528079145686,Rainfall_iqr_outlier
1169,85.84709144837838,27.83020777612284,33.61615753173828,1576.0,148.45591735839844,0.48402002453804016,30.0,5.761692047119141,2190.0,30.0,14.431621121436192,Rainfall_iqr_outlier
1170,85.847805441636,27.830486031624297,36.16135787963867,1545.0,126.72865295410156,0.542725145816803,30.0,5.761692047119141,2100.0,30.0,14.566345197776716,Rainfall_iqr_outlier
1171,85.84806019982057,27.831919028465087,32.51710891723633,1594.0,120.52135467529297,0.38989898562431335,30.0,5.761692047119141,2070.0,30.0,14.737323774326258,Rainfall_iqr_outlier
1179,85.89966760756563,27.875862050566028,45.72623825073242,1222.0,341.25372314453125,0.4887167513370514,10.0,4.586504936218262,0.0,108.16653826391968,13.267443526344024,TWI_iqr_outlier
1212,85.87604399661593,27.878867633960407,69.15108489990234,1347.0,207.40733337402344,0.37757763266563416,30.0,5.2028632164001465,595.4829972383762,134.1640786499874,13.911809462722992,Slope_iqr_outlier
1222,85.90800055269666,27.91080174413181,10.832626342773438,1753.0,120.50310516357422,0.010090984404087067,30.0,4.404165267944336,906.9729874698585,123.69316876852982,15.601229178321399,Slope_iqr_outlier
1235,85.93181527622195,27.90103665593496,10.556079864501953,2151.0,197.1502227783203,0.6396903395652771,10.0,4.404165267944336,1290.3487900563941,123.69316876852982,15.644194936502597,Slope_iqr_outlier
1273,85.65373459763792,28.0608486408544,42.78586959838867,2696.0,148.98170471191406,0.45196467638015747,30.0,4.772528171539307,9743.397764640424,2704.163456597992,14.457226377308066,Road Proximity_iqr_outlier
1274,85.65155552120409,28.06275094746548,47.26719665527344,2908.0,89.14311981201172,0.45852750539779663,30.0,4.772528171539307,9933.26230399661,2860.244744772727,14.637710229516005,Road Proximity_iqr_outlier
1275,85.65317307261293,28.067450224319156,34.220943450927734,2838.0,178.45437622070312,0.3938726782798767,30.0,4.772528171539307,10800.0,3397.9552675101536,14.850908547691425,Road Proximity_iqr_outlier
1276,85.64849235170509,28.0717966805542,27.250036239624023,3179.0,112.15821075439453,0.4449588358402252,30.0,4.772528171539307,11310.636586859291,3791.8860742379907,15.852316567581939,Road Proximity_iqr_outlier;TWI_iqr_outlier
1277,85.65212366110492,28.07217966393256,18.908119201660156,2938.0,131.42373657226562,0.3043718934059143,60.0,4.772528171539307,10891.487501714355,3906.9169430639295,15.972798483690669,Road Proximity_iqr_outlier;TWI_iqr_outlier
1278,85.62855284214072,28.05400769182916,46.27113723754883,2790.0,44.576908111572266,0.6920583248138428,30.0,4.772528171539307,8836.515150216175,2566.8852720758673,14.650283331851501,Road Proximity_iqr_outlier
1279,85.62591801878361,28.03599410508325,31.725162506103516,2773.0,66.87318420410156,0.7858151793479919,10.0,4.772528171539307,6861.610598103043,2140.327077808436,16.412411240626362,Road Proximity_iqr_outlier;TWI_iqr_outlier
1283,85.7328353117145,28.08229992282413,35.101768493652344,3753.0,51.548892974853516,0.364705890417099,100.0,4.176478385925293,2313.114783144148,2433.700885482848,15.877239446991542,Elevation_iqr_outlier;Road Proximity_iqr_outlier;TWI_iqr_outlier
1284,85.74305895240836,28.10257585768345,32.29100036621094,3349.0,64.18528747558594,0.33169957995414734,30.0,4.176478385925293,3624.913792078372,3427.0978976387587,15.496037503617256,Road Proximity_iqr_outlier
1292,85.7786747717953,28.10337445459401,50.478416442871094,3804.0,87.70393371582031,0.3236768841743469,100.0,4.430944442749023,4542.00396301016,891.9641248391104,15.448770466388778,Elevation_iqr_outlier
1293,85.78026145516195,28.10193418743649,67.39302825927734,3640.0,125.90441131591797,0.30201005935668945,100.0,4.430944442749023,4536.353160855094,690.6518659932802,14.211071307013384,Slope_iqr_outlier
1295,85.77336849400413,28.102097791602045,58.29529571533203,3858.0,134.4248046875,0.2951934337615967,100.0,4.430944442749023,4105.7277065095295,1064.048871058092,14.681650789818502,Elevation_iqr_outlier
1296,85.7624069327954,28.10397488152323,57.39353942871094,4556.0,132.30526733398438,0.11482837051153183,60.0,4.430944442749023,3834.488231824424,2124.0762698170706,14.910746599122554,Elevation_iqr_outlier;Road Proximity_iqr_outlier
1297,85.76511067794706,28.101288313094344,46.6969108581543,4199.0,80.3389892578125,0.2321990728378296,100.0,4.430944442749023,3634.4600699416137,1705.5204484262274,15.394818980796035,Elevation_iqr_outlier;Road Proximity_iqr_outlier
1298,85.76539645337317,28.10330952656766,51.39472579956055,4206.0,135.30599975585938,0.21801140904426575,100.0,4.430944442749023,3842.460149435515,1806.2391868188442,14.973333611813056,Elevation_iqr_outlier;Road Proximity_iqr_outlier
1299,85.76725843439021,28.092396492253176,49.41747283935547,3710.0,129.63076782226562,0.26235613226890564,30.0,4.430944442749023,2840.035211049328,1040.0961494015828,14.968649099322787,Elevation_iqr_outlier
1300,85.77908545801274,28.107763569460737,58.332645416259766,3894.0,108.0312728881836,0.25597915053367615,100.0,4.430944442749023,4992.364169409118,1306.981254647518,14.70066966429734,Elevation_iqr_outlier;Road Proximity_iqr_outlier
1303,85.78854231716096,28.111289998521773,7.279721736907959,3524.0,239.54345703125,0.11409395933151245,60.0,4.430944442749023,5938.560431619771,1295.569372901351,17.879875787266144,Slope_iqr_outlier;Road Proximity_iqr_outlier;TWI_iqr_outlier
1304,85.78988357083064,28.11287875745556,23.304912567138672,3575.0,167.70025634765625,0.07555008679628372,100.0,4.129517078399658,6172.859953052555,1470.0,16.12189269093794,Road Proximity_iqr_outlier;TWI_iqr_outlier
1305,85.79061223782044,28.115949674899927,51.622459411621094,3847.0,170.79969787597656,0.23497997224330902,100.0,4.129517078399658,6465.609020038251,1800.9997223764362,14.930705742031964,Elevation_iqr_outlier;Road Proximity_iqr_outlier
1306,85.79296038924139,28.116764494728447,63.29528045654297,3850.0,167.7395782470703,0.2853773534297943,100.0,4.129517078399658,6706.660868122079,1918.5932346383377,14.48074602984346,Elevation_iqr_outlier;Road Proximity_iqr_outlier
1307,85.79177409916515,28.111434134523357,39.11690902709961,3626.0,288.572998046875,0.26413920521736145,100.0,4.129517078399658,6177.450930602363,1306.981254647518,15.323015545328158,Road Proximity_iqr_outlier
1309,85.79384228905248,28.10126109199635,41.38956832885742,3446.0,203.3055419921875,0.20232896506786346,60.0,4.129517078399658,5562.391571976931,210.0,15.833046684587233,TWI_iqr_outlier
1310,85.81746011517261,28.100435293863647,33.085472106933594,3634.0,147.64578247070312,0.2821100950241089,30.0,4.129517078399658,7568.863851331982,342.05262752974136,15.81973423000073,TWI_iqr_outlier
1311,85.85546479608774,28.05560879244417,54.59915542602539,4203.0,156.9777069091797,0.22968198359012604,100.0,4.297876358032227,7859.370203775873,42.42640687119285,14.736864176660557,Elevation_iqr_outlier
1317,85.82013647747202,27.99832708353361,53.4321403503418,2414.0,184.68043518066406,0.16157445311546326,60.0,4.568583965301514,2550.0,1719.4475857088519,14.489864128470298,Road Proximity_iqr_outlier
1318,85.8261006622048,27.99974428553853,30.864490509033203,2398.0,144.34840393066406,0.40767601132392883,60.0,4.568583965301514,3220.6365830375835,1489.4629904767692,15.209071868197183,Road Proximity_iqr_outlier
1321,85.80991922750844,28.042358388949378,22.999446868896484,3536.0,187.44818115234375,0.30374065041542053,100.0,4.568583965301514,2583.6601943754135,1101.4535850411492,16.366957426496512,TWI_iqr_outlier
1322,85.81523427945774,28.03912712796388,59.20976638793945,3843.0,243.65846252441406,0.2923497259616852,100.0,4.568583965301514,3127.0593214712126,402.49223594996215,14.824644170670226,Elevation_iqr_outlier
1323,85.7922653433097,28.052870109394163,44.59836959838867,3086.0,148.61077880859375,0.43580561876296997,30.0,4.568583965301514,1621.1107303327556,1897.6037521042163,15.091695910458508,Road Proximity_iqr_outlier
1326,85.96174018134235,27.9804104979542,57.92042541503906,2325.0,133.62725830078125,0.1476244330406189,30.0,3.8100929260253906,192.09372712298546,517.880295048962,14.32974769265785,Rainfall_iqr_outlier
1327,85.9307476115817,27.96354875031364,36.51047134399414,2848.0,164.1959991455078,0.4934725761413574,30.0,3.8100929260253906,2006.6389809828772,844.8076704197234,15.422460127473057,Rainfall_iqr_outlier
1344,85.57632519186791,28.046702924612088,47.47135543823242,3546.0,130.79263305664062,0.12153992801904678,60.0,4.835017204284668,10227.888345108191,2742.0065645435643,14.992623386823547,Road Proximity_iqr_outlier
1345,85.58088787466284,28.06444608751076,31.783950805664062,3818.0,126.93183135986328,0.27313941717147827,100.0,4.835017204284668,11576.81303295514,1678.3920876839238,15.44016073390528,Elevation_iqr_outlier;Road Proximity_iqr_outlier
1346,85.5813452698115,28.06572504669529,38.916595458984375,3890.0,131.42543029785156,0.27257034182548523,30.0,4.835017204284668,14435.736905333235,1580.9174551506478,15.385957489702106,Elevation_iqr_outlier;River Proximity_iqr_outlier;Road Proximity_iqr_outlier
1347,85.58949315763839,28.08119473319695,24.662729263305664,3500.0,189.1973876953125,0.46506452560424805,10.0,4.263921737670898,12567.672815601143,1223.7646832622684,15.858683756347816,TWI_iqr_outlier
1348,85.5878394925943,28.081965741852176,10.42022705078125,3567.0,63.88808059692383,0.37590643763542175,30.0,4.263921737670898,12518.054960735713,1030.9704166463748,16.78208322076257,Slope_iqr_outlier;TWI_iqr_outlier
1350,85.661887242523,28.07021441062409,37.6339225769043,3104.0,233.9956512451172,0.6182410717010498,10.0,4.758371829986572,9810.0,4024.922359499621,15.204829160112576,Road Proximity_iqr_outlier
1351,85.65297497907122,28.0704688420165,38.844749450683594,2878.0,78.40376281738281,0.6841563582420349,30.0,4.772528171539307,10800.0,3719.2741227287884,15.091764756400371,Road Proximity_iqr_outlier
1352,85.65250641235924,28.06542315117601,52.09996795654297,2858.0,88.55577850341797,0.49115800857543945,30.0,4.772528171539307,10219.041050901009,3150.571376750573,14.648181774171976,Road Proximity_iqr_outlier
1353,85.65630319840086,28.05784146738293,39.1240234375,2664.0,317.4234313964844,0.7802859544754028,10.0,4.758371829986572,9475.63190504992,2509.4421690885806,14.959174829550788,Road Proximity_iqr_outlier
1363,85.53125587890254,28.072294712920343,57.93190383911133,3473.0,90.0,0.2730358839035034,60.0,4.726099014282227,14844.544452424263,4718.304780321,14.582593436796966,River Proximity_iqr_outlier;Road Proximity_iqr_outlier
1364,85.52902583916308,28.07545007713123,52.788516998291016,3499.0,77.21686553955078,0.2980320453643799,30.0,4.3097357749938965,14416.896337284248,4925.85018042571,14.688585565617494,River Proximity_iqr_outlier;Road Proximity_iqr_outlier
1365,85.52635110371445,28.07600342905767,66.94477844238281,3893.0,28.955671310424805,0.2016163468360901,30.0,4.3097357749938965,14170.959741668876,5223.102526276887,14.468383833050058,Slope_iqr_outlier;Elevation_iqr_outlier;River Proximity_iqr_outlier;Road Proximity_iqr_outlier
1366,85.65985182101423,28.079054975390186,50.517189025878906,3046.0,284.6778564453125,0.3112180829048157,30.0,4.347579002380371,10092.938125243809,4847.855195857235,14.306024862958623,Road Proximity_iqr_outlier
1367,85.52382655457647,28.08122056576056,52.90027618408203,3719.0,80.13098907470703,0.3578111231327057,30.0,4.3097357749938965,13547.051339682745,5533.760023709015,15.408605268103472,Elevation_iqr_outlier;River Proximity_iqr_outlier;Road Proximity_iqr_outlier
1379,85.51056187371105,28.02187111731655,14.323225975036621,2939.0,120.47737884521484,0.4779728353023529,30.0,4.541608810424805,10613.599766337526,742.7651041883969,15.837407104214906,TWI_iqr_outlier
1391,85.52346946216741,28.040024446299725,39.96990203857422,2501.0,105.6865234375,0.6311545968055725,30.0,4.726099014282227,11939.321588767094,2160.208323287363,14.794579283824557,Road Proximity_iqr_outlier
1392,85.52272331202781,28.041041071040876,31.17362403869629,2603.0,127.98175048828125,0.6718075275421143,10.0,4.726099014282227,12080.318704405112,2283.1557108528536,15.11004960998078,Road Proximity_iqr_outlier
1393,85.52108042397025,28.04178961925324,23.62071418762207,2622.0,321.01702880859375,0.7051129341125488,10.0,4.726099014282227,12219.983633376929,2388.9118861942147,15.62500711483305,Road Proximity_iqr_outlier
1394,85.51381954339855,28.04407409405757,30.786964416503906,2987.0,107.38927459716797,0.7937551140785217,10.0,4.541608810424805,12714.373755714436,2404.6829312822097,15.201814957861947,River Proximity_iqr_outlier;Road Proximity_iqr_outlier
1395,85.5146344511112,28.047442636058843,21.761096954345703,2949.0,346.7181091308594,0.6695563197135925,30.0,4.541608810424805,13048.62061675486,2736.5854636754907,15.38601895164068,River Proximity_iqr_outlier;Road Proximity_iqr_outlier
1396,85.4994664237711,28.047784349333224,32.25787353515625,3630.0,98.8523941040039,0.3201533257961273,30.0,4.541608810424805,13738.42785765533,1943.2961688841974,16.213003645820688,River Proximity_iqr_outlier;Road Proximity_iqr_outlier;TWI_iqr_outlier
1397,85.50359797509522,28.04928733864073,19.290130615234375,3365.0,84.69248962402344,0.43797969818115234,30.0,4.541608810424805,13707.636557773189,2229.9103120977757,15.133998752139348,River Proximity_iqr_outlier;Road Proximity_iqr_outlier
1398,85.5011390892257,28.043872944009408,47.31892776489258,3676.0,101.18985748291016,0.24527399241924286,100.0,4.541608810424805,13255.417760297109,1546.3828762631847,15.194788462011953,Elevation_iqr_outlier;River Proximity_iqr_outlier;Road Proximity_iqr_outlier
1399,85.49885672996385,28.05277662802391,46.00772476196289,3374.0,46.55659484863281,0.35137730836868286,60.0,4.541608810424805,14276.87991124111,2501.539525971956,14.994512851314553,River Proximity_iqr_outlier;Road Proximity_iqr_outlier
1400,85.49198135982692,28.05538403215061,42.34637451171875,3834.0,38.60243225097656,0.3207603693008423,100.0,4.541608810424805,14869.472082088187,2812.329994861912,15.324135461548098,Elevation_iqr_outlier;River Proximity_iqr_outlier;Road Proximity_iqr_outlier
1401,85.51178192186393,28.08995763556706,40.560787200927734,4068.0,150.45721435546875,0.09116409718990326,60.0,4.169457912445068,11951.978915644053,6810.462539358102,15.630207511574431,Elevation_iqr_outlier;Road Proximity_iqr_outlier
1402,85.51320572869983,28.08974165891653,31.273773193359375,4012.0,154.97958374023438,0.28589263558387756,100.0,4.169457912445068,12050.780057739,6802.065862662607,15.82384607192719,Elevation_iqr_outlier;Road Proximity_iqr_outlier;TWI_iqr_outlier
1403,85.51352234906669,28.089916718543197,25.61035919189453,4019.0,147.59384155273438,0.23236124217510223,100.0,4.169457912445068,12070.666924408111,6772.296508570782,15.701767469044995,Elevation_iqr_outlier;Road Proximity_iqr_outlier
1404,85.50999605298612,28.089042727293364,37.112972259521484,4148.0,83.85932159423828,0.17883267998695374,100.0,4.169457912445068,11533.000476892385,6673.904404469696,15.665048947280713,Elevation_iqr_outlier;Road Proximity_iqr_outlier
1405,85.50778042979385,28.0898519312809,27.767681121826172,4251.0,33.889827728271484,0.060841597616672516,60.0,4.169457912445068,11295.069720900354,6713.635378839098,15.70491058378994,Elevation_iqr_outlier;Road Proximity_iqr_outlier
1406,85.5066680732542,28.090241491376396,38.361881256103516,4286.0,45.94393539428711,0.13683292269706726,100.0,4.169457912445068,11166.207950777201,6751.866408631024,15.504751715506975,Elevation_iqr_outlier;Road Proximity_iqr_outlier
1407,85.50623378542143,28.090564192475178,34.551856994628906,4287.0,50.60158920288086,0.19571708142757416,100.0,4.169457912445068,11101.824174431875,6771.897813759449,15.813556512782235,Elevation_iqr_outlier;Road Proximity_iqr_outlier
1408,85.50542266442272,28.09088467053654,28.91176986694336,4313.0,56.15918731689453,0.20140688121318817,100.0,4.169457912445068,11015.557180642294,6788.2250993908565,15.972387785354757,Elevation_iqr_outlier;Road Proximity_iqr_outlier;TWI_iqr_outlier
1409,85.50447961569621,28.092330571026608,39.98069763183594,4372.0,169.9175567626953,0.19993959367275238,30.0,4.169457912445068,10847.437485415621,6924.868229793257,15.59474080348628,Elevation_iqr_outlier;Road Proximity_iqr_outlier
1410,85.50531360069216,28.092125968635436,38.56690979003906,4353.0,197.4079132080078,0.14745308458805084,100.0,4.169457912445068,10913.56953521624,6936.749959455076,15.512431772785703,Elevation_iqr_outlier;Road Proximity_iqr_outlier
1411,85.50813129717153,28.091669145798917,32.79194641113281,4259.0,168.49984741210938,0.13214285671710968,100.0,4.169457912445068,11176.278450360836,6925.583007949584,15.89128280491017,Elevation_iqr_outlier;Road Proximity_iqr_outlier;TWI_iqr_outlier
1412,85.50564965920837,28.091879979729654,40.78905487060547,4322.0,173.8961181640625,0.1910373419523239,60.0,4.169457912445068,10955.957283596901,6911.273399309276,15.428411454898983,Elevation_iqr_outlier;Road Proximity_iqr_outlier
1413,85.53523458487241,28.114218437337584,33.59403991699219,3962.0,50.682193756103516,0.025536691769957542,60.0,4.3097357749938965,10522.604240396007,4624.381039663578,15.507132325061,Elevation_iqr_outlier;Road Proximity_iqr_outlier
1414,85.52954989122543,28.116460772966768,46.292274475097656,4220.0,90.0,0.11875864118337631,60.0,4.3097357749938965,10592.209401253356,5261.5587044145,15.35507331468791,Elevation_iqr_outlier;Road Proximity_iqr_outlier
1415,85.54283218736391,28.11505896787965,36.67274856567383,3967.0,180.0,0.2575359046459198,100.0,4.3097357749938965,10075.758035999077,3822.7346232769023,15.708544734916403,Elevation_iqr_outlier;Road Proximity_iqr_outlier
1416,85.53765284463032,28.118445679131103,36.13273239135742,4164.0,197.5581512451172,0.4079630672931671,100.0,4.091997146606445,10000.84996387807,4343.374264324915,15.417642419077781,Elevation_iqr_outlier;Road Proximity_iqr_outlier
1417,85.5289133159252,28.125090603349925,39.12731170654297,4383.0,220.8708038330078,0.03521896153688431,70.0,4.091997146606445,9807.201435679804,4959.082576444962,15.499574090588233,Elevation_iqr_outlier;Road Proximity_iqr_outlier
1418,85.53201053556074,28.122396850520776,37.82389831542969,4303.0,231.27850341796875,0.23295144736766815,100.0,4.091997146606445,9883.804935347522,4844.512359360847,15.414405042579524,Elevation_iqr_outlier;Road Proximity_iqr_outlier
1419,85.53647432628472,28.09876398298477,16.00887107849121,4192.0,73.61427307128906,0.0639849454164505,60.0,4.3097357749938965,12035.422717960511,4170.0,16.68686693063613,Elevation_iqr_outlier;Road Proximity_iqr_outlier;TWI_iqr_outlier
1420,85.54149602400454,28.099414256591245,52.108726501464844,3844.0,91.44376373291016,0.266475647687912,100.0,4.3097357749938965,11715.374513859982,3601.12482427366,14.920091793492468,Elevation_iqr_outlier;Road Proximity_iqr_outlier
1421,85.53767408699389,28.094604810623835,36.58879089355469,3825.0,120.1014404296875,0.15812994539737701,60.0,4.3097357749938965,12379.353779579935,4031.178487737798,15.11841528130571,Elevation_iqr_outlier;Road Proximity_iqr_outlier
1426,85.92689199295987,27.904649424784917,69.10462951660156,1732.0,252.00099182128906,0.44902387261390686,30.0,4.404165267944336,690.0,330.0,14.079700845648585,Slope_iqr_outlier
